registration_number,material_name,material_category,manufacturer_name,product_category,geographical_scope,country_of_origin,gwp_a1a3,gwp_unit,declared_unit,life_cycle_stages,epd_programme_operator,year_published,valid_until,epd_url,extraction_confidence,notes,carbon_negative,is_expired,is_industrial_equipment
EPD-IES-0031470:004,TMT Bars,Steel & Metal,Steel Authority of India Limited (SAIL),Construction products,Global,India,2363.0,kg CO2eq/tonne,1000 kg,A1-A3,EPD International AB,2026.0,2031.0,https://www.environdec.com/library/epd31470,HIGH,GWP value extracted from GWP-total row for A1-A3 column (2.363E+03). Declared unit is 1 metric tonne (1000 kg).,False,False,False
EPD-IES-0030960:004,"Building 3, ITC Green centre",Building (Whole),ITC Limited,Construction products,India,India,408.0,kg CO2eq/m²,1 m2,A1-A3,EPD International AB,2026.0,2031.0,https://www.environdec.com/library/epd30960,HIGH,GWP-total value for A1-A3 is 4.08E+02 kg CO2 eq/m2. Declared unit is 1 m2 of gross floor area.,False,False,False
EPD-IES-0031770:002,TAP® Acoustics Panel,Plastic & Polymer,Times Fibrefill Pvt. Ltd.,Construction products,India,India,5.54,kg CO2eq/m²,1 m2,A1-A3,EPD International AB,2026.0,2031.0,https://www.environdec.com/library/epd31770,HIGH,The GWP value is for the 9 mm representative panel.,False,False,False
EPD-IES-0032037:001,SGG Mirror on Planilux®,Glass,Saint-Gobain India Pvt. Ltd,Construction products,India,India,13.7,kg CO2eq/m²,1 m2,A1-A3,EPD International AB,2026.0,2031.0,https://www.environdec.com/library/epd32037,HIGH,GWP value for A1-A3 is 1.37E+01 kg CO2 eq/m2.,False,False,False
EPD-IES-0032055:001,SGG Mirror on Planilux® 5 mm,Glass,Saint-Gobain India Pvt. Ltd,Construction products,India,India,17.0,kg CO2eq/m²,1 m2,A1-A3,EPD International AB,2026.0,2031.0,https://www.environdec.com/library/epd32055,HIGH,GWP value represents Climate Change - total for A1-A3. Declared unit is 1 m2 of 5 mm glass.,False,False,False
EPD-IES-0032059:001,SGG Mirror on Planilux®,Glass,Saint-Gobain India Pvt. Ltd,Construction products,India,India,19.6,kg CO2eq/m²,1 m2,A1-A3,EPD international AB,2026.0,2031.0,https://www.environdec.com/library/epd32059,HIGH,GWP value represents Climate Change - total for A1-A3. Declared unit is 1 m2 of 6 mm glass.,False,False,False
EPD-IES-0022355:003,Windor Mono Modular Single Glass Partition System,Glass,Windor India Pvt Ltd,Construction products,Global,India,51.5,kg CO2eq/m²,1 m2,A1-A3,EPD International AB,2025.0,2031.0,https://www.environdec.com/library/epd22355,HIGH,GWP-total value for A1-A3 is 5.15E+01 kg CO2 eq/m2.,False,False,False
EPD-IES-0022356:002,Windor Duplus Modular Double Glass Partition System,Glass,Windor India Pvt Ltd,Construction products,Global,India,84.6,kg CO2eq/m²,1 m2,A1-A3,EPD International AB,2025.0,2031.0,https://www.environdec.com/library/epd22356,HIGH,GWP-total value for A1-A3 is 8.46E+01 (84.6) kg CO2 eq/m2.,False,False,False
EPD-IES-0032024:001,Windor Modular Single Leaf Single Glazed Style Door System,Glass,Windor India Pvt Ltd,Construction products,Global,India,91.9,kg CO2eq/m²,1 m2,A1-A3,EPD International AB,2026.0,2031.0,https://www.environdec.com/library/epd32024,HIGH,GWP value represents GWP-fossil for A1-A3. The total GWP (GWP-total) for A1-A3 is 91.4 kg CO2 eq/m2.,False,False,False
EPD-IES-0032026:001,Windor Modular Single Leaf Double Glazed Style Door System,Aluminium,Windor India Pvt Ltd,Construction products,Global,India,110.0,kg CO2eq/m²,1 m2,A1-A3,EPD International AB,2026.0,2031.0,https://www.environdec.com/library/epd32026,HIGH,GWP-total value for A1-A3 is 1.10E+02 kg CO2 eq/m2.,False,False,False
EPD-IES-0032027:001,Windor 48.5mm Thick Laminate Finished Flush Door with Hardware Product,Timber & Wood,Windor India Pvt Ltd,Construction products,Global,India,79.2,kg CO2eq/m²,1 m2,A1-A3,EPD International AB,2026.0,2031.0,https://www.environdec.com/library/epd32027,HIGH,GWP-total value for A1-A3 is 7.92E+01 kg CO2 eq/m2.,False,False,False
EPD-IES-0031930:002,Raised Access Floor Panels,Flooring & Surfaces,PWS Floors LLP,Construction products,Global,India,40.3,kg CO2eq/m²,1 m2,A1-A3,EPD International AB,2026.0,2031.0,https://www.environdec.com/library/epd31930,HIGH,GWP-total value for A1-A3 is 4.03E+01 kg CO2 eq/m2.,False,False,False
EPD-IES-0029294:001,Portland Slag Cement and its variant (Concreel HD),Concrete & Cement,JSW Cement Limited,Construction products,India,India,358.8,kg CO2eq/tonne,1 tonne,A1-A3,EPD International AB,2026.0,2031.0,https://www.environdec.com/library/epd29294,HIGH,The declared unit is 1 tonne (1000 kg). The GWP value is 358.8 kg CO2 eq. per tonne.,False,False,False
EPD-IES-0031818:001,Gypboard® Effectiv’ Plasterboard,Gypsum & Plasterboard,Saint-Gobain India Pvt. Ltd. – Gyproc Business,Construction products,India,India,0.703,kg CO2eq/m²,1 m2,A1-A3,EPD International AB,2026.0,2031.0,https://www.environdec.com/library/epd31818,HIGH,"GWP value extracted from the A1-A3 GWP-GHG row in the additional voluntary indicators table, as it represents the standard A1-A3 impact for the declared unit.",False,False,False
EPD-IES-0031183:001,Steel rope products,Steel & Metal,Usha Martin Limited,Construction products,Global,India,4150.0,kg CO2eq/tonne,1 tonne,A1-A3,EPD International AB,2026.0,2031.0,https://www.environdec.com/library/epd31183,HIGH,The GWP value 4.15E+03 kg CO2 eq. per 1 tonne was converted to 4150.0.,False,False,False
EPD-IES-0031184:001,LRPC strands,Steel & Metal,Usha Martin Limited,Construction products,Global,India,3170.0,kg CO2eq/tonne,1 tonne,A1-A3,EPD International AB,2026.0,2031.0,https://www.environdec.com/library/epd31184,HIGH,GWP value 3.17E+03 converted to 3170.0 per 1 tonne declared unit.,False,False,False
EPD-IES-0031182:001,Steel Wire,Steel & Metal,Usha Martin Limited,Construction products,Global,India,3460.0,kg CO2eq/tonne,1 tonne,A1-A3,EPD International AB,2026.0,2031.0,https://www.environdec.com/library/epd31182,HIGH,GWP value 3.46E+03 converted from kg CO2 eq./tonne to 3460.0.,False,False,False
EPD-IES-0025022:003,295/80R22.5_JUL1_16PR_TL_E,Rubber & Tyres,JK Tyre Limited,"Metal, mineral, plastic & glass products",Global,India,1.492,kg CO2eq/unit,"1 Tyre driven 1,000km",A1-A3,EPD International AB,2025.0,2030.0,https://www.environdec.com/library/epd25022,HIGH,"GWP value for A1-A3 calculated as 0.904 + 0.0973 + 0.491 = 1.4923. Declared unit is 1 tyre driven 1,000km.",False,False,False
EPD-IES-0025021:003,215/55R18 UX Royale,Rubber & Tyres,JK Tyre Limited,"Metal, mineral, plastic & glass products",Global,India,9.63,kg CO2eq/unit,"1 Tyre driven 1,000km, 0.016 per tyre","A1-A3, B1, C2, C3b",EPD International AB,2025.0,2030.0,https://www.environdec.com/library/epd25021,HIGH,,False,False,False
EPD-IES-0025023:003,235/75R17.5 JUH5 ALL STEEL 14PR,Rubber & Tyres,JK Tyre Limited,"Metal, mineral, plastic & glass products",Global,India,0.973,kg CO2eq/unit,"1 Tyre driven 1,000km",A1-A3,EPD International AB,2025.0,2030.0,https://www.environdec.com/library/epd25023,HIGH,"The GWP value for A1-A3 is calculated as the sum of A1 (0.586), A2 (0.0609), and A3 (0.326) = 0.9729 kg CO2 eq per functional unit.",False,False,False
EPD-IES-0031496:002,Healthcare Beds,Furniture & Fittings,Interio By Godrej - A division of Godrej & Boyce Manufacturing Company Limited,Construction products,India,India,1070.0,kg CO2eq/piece,1 piece,A1-A3,EPD International AB,2026.0,2031.0,https://www.environdec.com/library/epd31496,HIGH,GWP-total value for A1-A3 is 1.07E+03 kg CO2 eq. The declared unit is 1 piece of Healthcare Bed.,False,False,False
EPD-IES-0031358:002,Seating (Chairs),Furniture & Fittings,Interio By Godrej - A division of Godrej & Boyce Manufacturing Company Limited,Construction products,India,India,124.0,kg CO2eq/piece,1 piece,A1-A3,EPD International AB,2026.0,2031.0,https://www.environdec.com/library/epd31358,HIGH,GWP value represents GWP-total for A1-A3. The value 1.24E+02 was converted to 124.0.,False,False,False
EPD-IES-0031377:001,FLEXIVATE- HEIGHT ADJUSTABLE TABLES,Furniture & Fittings,Talin Modular Office Furniture Systems Private Limited,Construction products,India,India,482.0,kg CO2eq/piece,1 height-adjustable table,A1-A3,EPD International AB,2026.0,2031.0,https://www.environdec.com/library/epd31377,HIGH,GWP-total value for A1-A3 is 4.82E+02. The declared unit is one height-adjustable table.,False,False,False
EPD-IES-0027273:002,L’LIOS 580-600 Wp N-Type Topcon 16BB Bifacial (Glass to Glass) Solar Photovoltaic Module,Solar & Energy,Rayzon Solar Limited,Construction products,India,India,0.345,kg CO2eq/Wp,1 Wp,A1-A3,EPD International AB,2026.0,2031.0,https://www.environdec.com/library/epd27273,HIGH,"The GWP value for A1-A3 is 0.345 kg CO2 eq/Wp, derived from the LCA results for the representative 600 Wp module.",False,False,False
EPD-IES-0031490:002,Storage,Steel & Metal,Interio By Godrej - A division of Godrej & Boyce Manufacturing Company Limited,Construction products,India,India,300.0,kg CO2eq/piece,1 piece,A1-A3,EPD International AB,2026.0,2031.0,https://www.environdec.com/library/epd31490,HIGH,GWP-total value for A1-A3 is 3.00E+02 (300.0). The EPD covers multiple storage products with Modular KD Storages (Gain Pro) as the representative product.,False,False,False
EPD-IES-0025339:002,Open Plan Office Systems (OPOS),Furniture & Fittings,Interio By Godrej - A division of Godrej & Boyce Manufacturing Company Limited,Construction products,India,India,1390.0,kg CO2eq/piece,1 piece,A1-A3,EPD International AB,2026.0,2031.0,https://www.environdec.com/library/epd25339,HIGH,GWP-total value for A1-A3 is 1.39E+03 kg CO2 eq. The declared unit is 1 piece of OPOS.,False,False,False
EPD-IES-0031281:002,Desking (Representative product: Conference & Meeting Table - Mingle),Furniture & Fittings,Interio By Godrej - A division of Godrej & Boyce Manufacturing Company Limited,Construction products,India,India,-13.3,kg CO2eq/piece,1 piece,A1-A3,EPD International AB,2026.0,2031.0,https://www.environdec.com/library/epd31281,HIGH,"The GWP-total value for A1-A3 is -1.33E+01, which equals -13.3 kg CO2 eq. The declared unit is 1 piece of desking.",True,False,False
EPD-IES-0031177:001,Steel Wire,Steel & Metal,Usha Martin Limited,Construction products,Global,Thailand,2590.0,kg CO2eq/tonne,1 tonne,A1-A3,EPD International AB,2026.0,2031.0,https://www.environdec.com/library/epd31177,HIGH,GWP value 2.59E+03 converted to 2590.0 per 1 tonne declared unit.,False,False,False
EPD-IES-0031180:001,Steel rope,Steel & Metal,Usha Martin Limited,Construction products,Global,Thailand,2930.0,kg CO2eq/tonne,1 tonne,A1-A3,EPD International AB,2026.0,2031.0,https://www.environdec.com/library/epd31180,HIGH,GWP value 2.93E+03 converted to 2930.0 per 1 tonne.,False,False,False
EPD-IES-0012013:005,Ductile Iron Pipe,Steel & Metal,Jindal Saw Limited,Construction products,India,India,2460.0,kg CO2eq/tonne,1000 kg,A1-A3,EPD International AB,2024.0,2029.0,https://www.environdec.com/library/epd12013,HIGH,GWP value extracted from the 'GWP-total' row for A1-A3 (2.46E+03 = 2460.0). Declared unit is 1000 kg.,False,False,False
EPD-IES-0031101:001,Acsilo Cellulose Fiber Acoustic Spray,Insulation,Tranquil,Construction products,India,India,0.352,kg CO2eq/kg,1 kg,A1-A3,EPD International AB,2026.0,2031.0,https://www.environdec.com/library/epd31101,HIGH,GWP value extracted from Table 6 (Climate change – total) for A1-A3. Value 3.52E-01 converted to 0.352.,False,False,False
EPD-IES-0031137:001,Mass Loaded Vinyl (MLV),Plastic & Polymer,Tranquil,Construction products,India,India,8.35,kg CO2eq/m²,1 m2,A1-A3,EPD International AB,2026.0,2031.0,https://www.environdec.com/library/epd31137,HIGH,GWP value extracted from Table 6 for Climate change - total in A1-A3.,False,False,False
EPD-IES-0031140:004,ELARA Fibreglass Panel,Insulation,Tranquil,Construction products,India,India,6.84,kg CO2eq/m²,1 m2,A1-A3,EPD International AB,2026.0,2031.0,https://www.environdec.com/library/epd31140,HIGH,The declared unit is 1 m2. The GWP value is taken from the Climate change - total row for A1-A3.,False,False,False
EPD-IES-0031141:001,ECOCORE PET Panel,Plastic & Polymer,Tranquil,Construction products,India,India,7.23,kg CO2eq/m²,1 m2,A1-A3,EPD International AB,2026.0,2031.0,https://www.environdec.com/library/epd31141,HIGH,"GWP value taken from Table 6, Climate change - total, A1-A3 column.",False,False,False
EPD-IES-0031145:001,Wooden Acoustic Panels - Woodline & Ecowood,Timber & Wood,Tranquil,Construction products,India,India,6.39,kg CO2eq/m²,1 m2,A1-A3,EPD International AB,2026.0,2031.0,https://www.environdec.com/library/epd31145,HIGH,GWP value extracted from Table 7 (GWP-GHG indicator) for A1-A3.,False,False,False
EPD-IES-0031097:002,Magnelis (Metallic Coated Sheet),Steel & Metal,ArcelorMittal Nippon Steel India Private Limited (AM/NS India),Construction products,Global,India,2460.0,kg CO2eq/tonne,1000 kg,A1-A3,EPD International AB,2026.0,2031.0,https://www.environdec.com/library/epd31097,HIGH,GWP value extracted from Table 4 for A1-A3 (2.46E+03). The declared unit is 1000kg.,False,False,False
EPD-IES-0029223:002,Optigal (Metallic colour coated steel),Steel & Metal,ArcelorMittal Nippon Steel India Private Limited (AM/NS India),Construction products,Global,India,2110.0,kg CO2eq/tonne,1000 kg,A1-A3,EPD International AB,2026.0,2031.0,https://www.environdec.com/library/epd29223,HIGH,The GWP value for A1-A3 is 2.11E+03 kg CO2 eq per 1000kg as per Table 4.,False,False,False
EPD-IES-0031048:001,Ordinary Portland Cement(OPC),Concrete & Cement,Ambuja Cements Limited,Construction products,India,India,1010.0,kg CO2eq/tonne,1 tonne,A1-A3,EPD International AB,2026.0,2031.0,https://www.environdec.com/library/epd31048,HIGH,GWP-total value 1.01E+03 kg CO2 eq. per 1 tonne converted to 1010.0.,False,False,False
EPD-IES-0031051:001,Ordinary Portland Cement,Concrete & Cement,ACC Limited,Construction products,India,India,983.0,kg CO2eq/tonne,1 tonne,A1-A3,EPD International AB,2026.0,2031.0,https://www.environdec.com/library/epd31051,HIGH,GWP value 9.83E+02 converted to 983.0. Declared unit is 1 tonne.,False,False,False
EPD-IES-0030221:002,"Mechtrix Nishabd Strand – T15, T20 and T25",Acoustic & Insulation,Mechtrix Engineers LLP,Construction products,India,India,12.2,kg CO2eq/m²,1 m2,A1-A3,The International EPD System,2024.0,2025.0,https://www.environdec.com/library/epd30221,HIGH,The GWP value represents the worst-case product (T25) as specified in the EPD. The declared unit is 1 m2.,False,True,False
EPD-IES-0029315:002,6HI Cold Rolling Mill 1250MM@1100MPM,Steel & Metal,Yogi Ji Digi Private Limited,Machinery & equipment,Global,India,312000000.0,kg CO2eq/unit,1 unit,A1-C4,EPD International AB,2026.0,2031.0,https://www.environdec.com/library/epd29315,HIGH,The GWP value represents the total impact (3.12E+08 kg CO2 eq) for the entire product over its 30-year lifetime.,False,False,True
EPD-IES-0028927:001,Powder Coated Aluminium Extruded Profiles,Aluminium,Bhoruka Extrusions Private Limited,Construction products,Global,India,17400.0,kg CO2eq/tonne,1 t,A1-A3,EPD International AB,2025.0,2031.0,https://www.environdec.com/library/epd28927,HIGH,GWP value 1.74E+04 kg CO2 eq per 1 Tonne converted to 17400.0. Declared unit is 1 Tonne.,False,False,False
EPD-IES-0029293:001,"Modular Chairs (Amaze MB, Astro MB, Comet, Contact MB, Evolve MB, Opus MB)",Furniture & Fittings,Featherlite Products Private Limited,Construction products,India,India,56.7,kg CO2eq/piece,1 piece,A1-A3,EPD International AB,2026.0,2031.0,https://www.environdec.com/library/epd29293,HIGH,GWP value extracted from the Climate change row for A1-A3. The value 5.67E+01 is equivalent to 56.7.,False,False,False
EPD-IES-0005172:001,Hot Rolled Coils,Steel & Metal,JSW Steel Limited,Construction products,Global,India,2690.0,kg CO2eq/tonne,1 tonne,A1-A3,EPD International AB,2026.0,2031.0,https://www.environdec.com/library/epd5172,HIGH,GWP value 2.69E+03 converted from 1 tonne declared unit.,False,False,False
EPD-IES-0025435:001,Cold Rolled Closed Annealed Coils,Steel & Metal,JSW Steel Limited,Construction products,Global,India,3020.0,kg CO2eq/tonne,1 tonne,A1-A3,EPD International AB,2026.0,2031.0,https://www.environdec.com/library/epd25435,HIGH,GWP value 3.02E+03 converted from kg CO2 eq./tonne to 3020.0.,False,False,False
EPD-IES-0020876:002,"Ductile Iron Pipes of C30 Pressure Class, including Ductile Iron Fittings",Steel & Metal,Electrosteel Castings Limited,Construction products,India,India,2530.0,kg CO2eq/tonne,1 tonne,A1-A3,EPD International AB,2025.0,2030.0,https://www.environdec.com/library/epd20876,HIGH,GWP value 2.53E+03 converted from 1 tonne declared unit.,False,False,False
EPD-IES-0020877:002,"Ductile Iron Pipes of C40 Pressure Class, including Ductile Iron Fittings",Steel & Metal,Electrosteel Castings Limited,Construction products,India,India,2530.0,kg CO2eq/tonne,1 tonne,A1-A3,EPD International AB,2025.0,2030.0,https://www.environdec.com/library/epd20877,HIGH,GWP value converted from 2.53E+03 kg CO2 eq. per 1 tonne.,False,False,False
EPD-IES-0020878:002,"Ductile Iron Pipes of C25 Pressure Class, including Ductile Iron Fittings",Steel & Metal,Electrosteel Castings Limited,Construction products,India,India,2530.0,kg CO2eq/tonne,1 tonne,A1-A3,EPD International AB,2025.0,2030.0,https://www.environdec.com/library/epd20878,HIGH,GWP value 2.53E+03 converted to 2530. Declared unit is 1 tonne.,False,False,False
EPD-IES-0028871:001,Tapi Trans Dual Series (570-610 Wp),Solar & Energy,Solex Energy Limited,Construction products,Global,India,0.417,kg CO2eq/Wp,1 Wp,A1-A3,EPD International AB,2026.0,2031.0,https://www.environdec.com/library/epd28871,HIGH,The declared unit is 1 Wp. The GWP value for A1-A3 is 4.17E-01 kg CO2 eq/Wp.,False,False,False
EPD-IES-0028872:001,Tapi-R Series (595-625 Wp),Solar & Energy,Solex Energy Limited,Construction products,Global,India,0.416,kg CO2eq/Wp,1 Wp,A1-A3,EPD International AB,2026.0,2031.0,https://www.environdec.com/library/epd28872,HIGH,The declared unit is 1 Wp. The GWP-total value for A1-A3 is 4.16E-01 kg CO2 eq/Wp.,False,False,False
EPD-IES-0028287:001,Aluminium Billet Continuum,Aluminium,CMR NLM ECO ALUMINIUM PRIVATE LIMITED,Construction products,Global,India,1490.0,kg CO2eq/tonne,1 tonne,A1-A3,EPD International AB,2026.0,2031.0,https://www.environdec.com/library/epd28287,HIGH,GWP value 1.49E+03 converted from 1 tonne declared unit.,False,False,False
EPD-IES-0028470:006,75 KVA Oil filled Transformer 10395C,Electrical & Electronics,Toshiba Transmission and Distribution Systems (India) PVT Ltd.,Machinery & equipment,Global,India,2235.0,kg CO2eq/unit,1 unit,A1-A3,EPD International AB,2025.0,2030.0,https://www.environdec.com/library/epd28470,HIGH,"GWP value calculated as sum of A1 (2.06E+03), A2 (7.14E+01), and A3 (1.15E+02).",False,False,False
EPD-IES-0028471:005,150 KVA Oil filled Transformer 8175I,Electrical & Electronics,Toshiba Transmission and Distribution Systems (India) PVT Ltd.,Machinery & equipment,Global,India,3312.0,kg CO2eq/unit,1 unit,A1-A3,EPD International AB,2025.0,2030.0,https://www.environdec.com/library/epd28471,HIGH,"GWP value for A1-A3 is the sum of 3.16E+03 (A1) + 1.94E+01 (A2) + 1.32E+02 (A3) = 3311.4, rounded to 3312.0.",False,False,False
EPD-IES-0028472:005,150 KVA Oil filled Transformer 10396E,Electrical & Electronics,Toshiba Transmission and Distribution Systems (India) PVT Ltd.,Machinery & equipment,Global,India,4945.0,kg CO2eq/unit,1 unit,A1-A3,EPD International AB,2025.0,2030.0,https://www.environdec.com/library/epd28472,HIGH,"GWP value calculated as sum of A1 (4.31E+03), A2 (1.17E+02), and A3 (5.15E+02).",False,False,False
EPD-IES-0028473:005,400 KVA Oil filled Transformer 08174E,Electrical & Electronics,Toshiba Transmission and Distribution Systems (India) PVT Ltd.,Machinery & equipment,Global,India,8199.0,kg CO2eq/unit,1 product,A1-A3,EPD International AB,2025.0,2030.0,https://www.environdec.com/library/epd28473,HIGH,"GWP value for A1-A3 calculated as sum of A1 (7.86E+03), A2 (9.80E+01), and A3 (2.41E+02).",False,False,False
EPD-IES-0028474:005,500 KVA Oil filled Transformer 08178E,Electrical & Electronics,Toshiba Transmission and Distribution Systems (India) PVT Ltd.,Machinery & equipment,Global,India,9147.0,kg CO2eq/unit,1 unit,A1-A3,EPD International AB,2025.0,2030.0,https://www.environdec.com/library/epd28474,HIGH,"GWP value calculated as sum of A1 (8780), A2 (128), and A3 (241) from the results table.",False,False,False
EPD-IES-0028934:003,400 KVA Oil filled Transformer 8493H,Electrical & Electronics,Toshiba Transmission and Distribution Systems (India) PVT Ltd.,Machinery & equipment,Global,India,5808.0,kg CO2eq/unit,1 unit,A1-A3,EPD International AB,2026.0,2031.0,https://www.environdec.com/library/epd28934,HIGH,"GWP value calculated as sum of A1 (5.44E+03), A2 (8.36E+01), and A3 (2.88E+02).",False,False,False
EPD-IES-0015922:001,Steel Wire Ropes,Steel & Metal,Usha Martin Limited,Construction products,India,India,3750.0,kg CO2eq/tonne,1 metric tonne,A1-A3,EPD International AB,2026.0,2031.0,https://www.environdec.com/library/epd15922,HIGH,GWP value represents GWP-total for A1-A3. The value 3.75E+03 was converted to 3750.0.,False,False,False
EPD-IES-0028392:003,N-TOPCon Bifacial G12R,Solar & Energy,SAATVIK GREEN ENERGY LIMITED,Construction products,India,India,0.379,kg CO2eq/Wp,1 Wp,A1-A3,EPD International AB,2026.0,2031.0,https://www.environdec.com/library/epd28392,HIGH,The GWP value is provided for 1 Wp of the product. The value 3.79E-01 corresponds to 0.379 kg CO2 eq.,False,False,False
EPD-IES-0014193:004,Conference Table,Furniture & Fittings,Kokuyo Workplace India Limited,Construction products,Global,India,211.0,kg CO2eq/piece,1 piece,A1-A3,EPD International AB,2024.0,2029.0,https://www.environdec.com/library/epd14193,HIGH,GWP-total value for A1-A3 is 2.11E+02 (211.0). Declared unit is 1 piece of Conference Table.,False,False,False
EPD-IES-0014194:002,Desking Products (Avail Bench),Furniture & Fittings,Kokuyo Workplace India Limited,Construction products,Global,India,655.0,kg CO2eq/piece,1 piece,A1-A3,EPD International AB,2024.0,2029.0,https://www.environdec.com/library/epd14194,HIGH,GWP-fossil value used (6.55E+02). Representative product is Avail Bench.,False,False,False
EPD-IES-0014195:004,Avail Height Adjustable Desk (4-person cluster),Furniture & Fittings,Kokuyo Workplace India Limited,Construction products,Global,India,848.0,kg CO2eq/piece,1 piece,A1-A3,EPD International AB,2024.0,2029.0,https://www.environdec.com/library/epd14195,HIGH,GWP-total value for A1-A3 is 8.48E+02 (848.0). Declared unit is 1 piece of Avail Height Adjustable Desk (4-person cluster).,False,False,False
EPD-IES-0015163:002,Storage Systems (Avail Steel Pedestal),Steel & Metal,Kokuyo Workplace India Limited,Construction products,Global,India,769.0,kg CO2eq/m³,1 m3,A1-A3,EPD International AB,2024.0,2029.0,https://www.environdec.com/library/epd15163,HIGH,GWP value represents GWP-total for A1-A3 as 7.69E+02.,False,False,False
EPD-IES-0015164:002,No 16 Chair,Furniture & Fittings,Kokuyo Workplace India Limited,Construction products,Global,India,70.8,kg CO2eq/piece,1 piece,A1-A3,EPD International AB,2024.0,2029.0,https://www.environdec.com/library/epd15164,HIGH,GWP-total value for A1-A3 used.,False,False,False
EPD-IES-0028653:001,Steel Flange,Steel & Metal,ECHJAY FORGINGS PVT. LTD.,Construction products,Global,India,5470.0,kg CO2eq/tonne,1000 kg,A1-A3,EPD International AB,2026.0,2031.0,https://www.environdec.com/library/epd28653,HIGH,GWP-total value for A1-A3 is 5.47E+03 kg CO2 eq per 1000 kg (1 MT).,False,False,False
EPD-IES-0028340:002,Pile Gripper,Steel & Metal,IRM Offshore and Marine Engineers Pvt Ltd,Construction products,Global,India,10600.0,kg CO2eq/unit,1 IRM Pile Gripper,A1-A3,EPD International AB,2026.0,2031.0,https://www.environdec.com/library/epd28340,HIGH,GWP value 1.06E+04 converted to 10600. Declared unit is one unit of the product.,False,False,False
EPD-IES-0028618:001,Ikkita Chair,Furniture & Fittings,Alankaram,Construction products,India,India,7.74,kg CO2eq/piece,1 piece,A1-A3,EPD International AB,2026.0,2031.0,https://www.environdec.com/library/epd28618,HIGH,GWP value represents GWP-total for A1-A3. The declared unit is 1 piece of Ikkita Chair.,False,False,False
EPD-IES-0028623:001,Mesa Dining Table,Timber & Wood,Alankaram,Construction products,India,India,-72.3,kg CO2eq/piece,1 piece,A1-A3,EPD International AB,2026.0,2031.0,https://www.environdec.com/library/epd28623,HIGH,GWP-total value for A1-A3 is -7.23E+01. Declared unit is 1 piece of Mesa Dining Table.,True,False,False
EPD-IES-0028226:002,Penebiotech Green M+,Chemicals & Waterproofing,Penetron Products Private Limited,Chemical products,Global,India,0.000469,kg CO2eq/g,1 g,A1-A3,EPD International AB,2026.0,2031.0,https://www.environdec.com/library/epd28226,HIGH,GWP-GHG value from Table 7 used as it represents the total GWP impact for the declared unit.,False,False,False
EPD-IES-0028227:002,Penebiotech Trapbom,Chemicals & Waterproofing,Penetron Products Private Limited,Chemical products,Global,India,0.000397,kg CO2eq/g,1 g,A1-A3,EPD International AB,2026.0,2031.0,https://www.environdec.com/library/epd28227,HIGH,"The GWP-GHG value for A1-A3 is calculated as the sum of Upstream (1.61E-04) and Core (1.67E-04) modules, totaling 3.28E-04 kg CO2 eq/g. However, the table provides a TOTAL row for GWP-GHG as 3.97E-04 kg CO2 eq/g which includes Downstream. The value 3.97E-04 represents the full life cycle.",False,False,False
EPD-IES-0028228:002,Penebiotech WB Clean,Chemicals & Waterproofing,Penetron Products Private Limited,Chemical products,Global,India,0.000467,kg CO2eq/g,1 g,A1-A3,EPD International AB,2026.0,2031.0,https://www.environdec.com/library/epd28228,HIGH,GWP-GHG value from Table 7 used as it represents the total GWP-GHG impact for the declared unit of 1 gram.,False,False,False
EPD-IES-0027634:001,UCW U-8000,Aluminium,GLASS WALL SYSTEMS INDIA LIMITED,Construction products,Global,India,73.5,kg CO2eq/m²,1 m2,A1-A3,The International EPD System,2026.0,2031.0,https://www.environdec.com/library/epd27634,HIGH,GWP value taken from the Climate change row for A1-A3 (7.35E+01). The declared unit is 1m2.,False,False,False
EPD-IES-0028173:001,PW-450 Punched Window,Aluminium,GLASS WALL SYSTEMS INDIA LIMITED,Construction products,Global,India,65.7,kg CO2eq/m²,1 m2,A1-A3,EPD International AB,2026.0,2031.0,https://www.environdec.com/library/epd28173,HIGH,GWP value represents Climate change (total) for A1-A3. Value 6.57E+01 converted to 65.7.,False,False,False
EPD-IES-0028218:001,STORE FRONT SF-102,Aluminium,GLASS WALL SYSTEMS INDIA LIMITED,Construction products,Global,India,89.3,kg CO2eq/m²,1 m2,A1-A3,The International EPD System,2026.0,2031.0,https://www.environdec.com/library/epd28218,HIGH,GWP value 8.93E+01 converted to 89.3. Declared unit is 1m2.,False,False,False
EPD-IES-0028246:001,WW-9500 Window Wall,Aluminium,Glass Wall Systems India Limited,Construction products,Global,India,91.1,kg CO2eq/m²,1 m2,A1-A3,EPD International AB,2026.0,2031.0,https://www.environdec.com/library/epd28246,HIGH,GWP value taken from Climate change indicator for A1-A3 (9.11E+01).,False,False,False
EPD-IES-0028248:001,Unitized Curtain Wall- U-140,Aluminium,Glass Wall Systems India Limited,Construction products,Global,India,72.7,kg CO2eq/m²,1 m2,A1-A3,The International EPD System,2026.0,2031.0,https://www.environdec.com/library/epd28248,HIGH,GWP value extracted from the Climate change row for A1-A3 (7.27E+01).,False,False,False
EPD-IES-0016475:003,ER 1711,Refractories,SEPR India,"Metal, mineral, plastic & glass products",Global,India,3110.0,kg CO2eq/tonne,1 tonne,A1-A3,EPD International AB,2024.0,2031.0,https://www.environdec.com/library/epd16475,HIGH,"GWP value extracted from the A1-A3 column for Climate change potential (GWP) - total. 3,11E+03 converted to 3110.0.",False,False,False
EPD-IES-0027946:001,ER 1685,Refractories,SEPR India,"Metal, mineral, plastic & glass products",India,India,2150.0,kg CO2eq/tonne,1 tonne,A1-A3,EPD International AB,2026.0,2031.0,https://www.environdec.com/library/epd27946,HIGH,"GWP value extracted from the Climate change potential (GWP) - total row for A1-A3. Value 2,15E+03 converted to 2150.0.",False,False,False
EPD-IES-0027947:001,ER 1699,Refractories,SEPR India,"Metal, mineral, plastic & glass products",India,India,2230.0,kg CO2eq/tonne,1 tonne,A1-A3,EPD International AB,2026.0,2031.0,https://www.environdec.com/library/epd27947,HIGH,"GWP value extracted from the A1-A3 column for Climate change potential (GWP) - total. The value 2,23E+03 corresponds to 2230.0.",False,False,False
EPD-IES-0027949:001,Jargal®,Refractories,SEPR India,"Metal, mineral, plastic & glass products",India,India,5270.0,kg CO2eq/tonne,1 tonne,A1-A3,EPD International AB,2026.0,2031.0,https://www.environdec.com/library/epd27949,HIGH,"GWP value extracted from 'Climate change potential (GWP) - total' for A1-A3. Value 5,27E+03 converted to 5270.0.",False,False,False
EPD-IES-0027945:001,ER 1681,Refractories,SEPR India,"Metal, mineral, plastic & glass products",India,India,1890.0,kg CO2eq/tonne,1 tonne,A1-A3,EPD International AB,2026.0,2031.0,https://www.environdec.com/library/epd27945,HIGH,"GWP value extracted from the Climate change potential (GWP) - total row for A1-A3, 1.89E+03 equals 1890.0.",False,False,False
EPD-IES-0027948:001,ER 1851,Refractories,SEPR India,"Metal, mineral, plastic & glass products",India,India,4420.0,kg CO2eq/tonne,1 tonne,A1-A3,EPD International AB,2026.0,2031.0,https://www.environdec.com/library/epd27948,HIGH,"GWP value extracted from the A1-A3 column for Climate change potential (GWP) - total. 4,42E+03 equals 4420.0.",False,False,False
EPD-IES-0017309:005,Restora Ultra,Aluminium,Vedanta Aluminium,Construction products,Global,India,511.0,kg CO2eq/tonne,1 tonne,A1-A3,EPD International AB,2025.0,2030.0,https://www.environdec.com/library/epd17309,HIGH,GWP-total value for A1-A3 is 5.11E+02 kg CO2 eq per 1 tonne.,False,False,False
EPD-IES-0017334:005,Restora,Aluminium,Vedanta Aluminium,Construction products,Global,India,5840.0,kg CO2eq/tonne,1 tonne,A1-A3,EPD International AB,2025.0,2030.0,https://www.environdec.com/library/epd17334,HIGH,GWP value extracted from the A1-A3 column for GWP-total. 5.84E+03 equals 5840.0.,False,False,False
EPD-IES-0026930:001,Alu-Zinc Coated Steel in Sheets & Coils,Steel & Metal,APL APOLLO Building Products Limited,Construction products,India,India,3040.0,kg CO2eq/tonne,1 ton,A1-A3,EPD International AB,2026.0,2031.0,https://www.environdec.com/library/epd26930,HIGH,GWP value 3.04E+03 converted to 3040.0. Declared unit is 1 ton.,False,False,False
EPD-IES-0026931:001,Pre-painted Alu-Zinc Coated Steel in Sheets & Coils,Steel & Metal,APL APOLLO BUILDING PRODUCTS LIMITED,Construction products,India,India,3120.0,kg CO2eq/tonne,1 ton,A1-A3,EPD International AB,2026.0,2031.0,https://www.environdec.com/library/epd26931,HIGH,GWP value 3.12E+03 converted from 1 ton declared unit.,False,False,False
EPD-IES-0026932:001,Galvanized steel in Sheets & Coils,Steel & Metal,APL APOLLO BUILDING PRODUCTS LIMITED,Construction products,India,India,2530.0,kg CO2eq/tonne,1 ton,A1-A3,EPD International AB,2026.0,2031.0,https://www.environdec.com/library/epd26932,HIGH,GWP value 2.53E+03 converted from 1 ton declared unit.,False,False,False
EPD-IES-0026933:001,Pre-Painted Galvanized Steel Sheets & Coils,Steel & Metal,APL APOLLO BUILDING PRODUCTS LIMITED,Construction products,India,India,2670.0,kg CO2eq/tonne,1 ton,A1-A3,EPD International AB,2026.0,2031.0,https://www.environdec.com/library/epd26933,HIGH,GWP value 2.67E+03 converted to 2670.0. Declared unit is 1 ton.,False,False,False
EPD-IES-0026934:001,"MS Tubes, Pipes & Hollow Section",Steel & Metal,APL APOLLO BUILDING PRODUCTS LIMITED,Construction products,India,India,2440.0,kg CO2eq/tonne,1 ton,A1-A3,EPD International AB,2026.0,2031.0,https://www.environdec.com/library/epd26934,HIGH,GWP value 2.44E+03 converted from kg CO2 eq. per 1 ton declared unit.,False,False,False
EPD-IES-0026935:001,GP Tubes & Pipe,Steel & Metal,APL APOLLO BUILDING PRODUCTS LIMITED,Construction products,India,India,2640.0,kg CO2eq/tonne,1 ton,A1-A3,EPD International AB,2026.0,2031.0,https://www.environdec.com/library/epd26935,HIGH,GWP value 2.64E+03 converted to 2640.0. Declared unit is 1 ton.,False,False,False
EPD-IES-0028105:001,Reflectasol® on Planilux®,Glass,Saint-Gobain India Private Limited – Glass,Construction products,India,India,13.1,kg CO2eq/m²,1 m2,A1-A3,EPD International AB,2026.0,2031.0,https://www.environdec.com/library/epd28105,HIGH,GWP value for A1-A3 is 1.31E+01 kg CO2 eq/m2.,False,False,False
EPD-IES-0028104:001,Reflectasol® on Planilux®,Glass,Saint-Gobain India Private Limited – Glass,Construction products,India,India,11.3,kg CO2eq/m²,1 m2,A1-A3,EPD International AB,2026.0,2031.0,https://www.environdec.com/library/epd28104,HIGH,GWP value for A1-A3 is 1.13E+01 kg CO2 eq/m2. The declared unit is 1 m2 of 3.5 mm glass.,False,False,False
EPD-IES-0028107:001,Reflectasol® on Planilux®,Glass,Saint-Gobain India Private Limited – Glass,Construction products,India,India,17.0,kg CO2eq/m²,1 m2,A1-A3,EPD International AB,2026.0,2031.0,https://www.environdec.com/library/epd28107,HIGH,GWP value for A1-A3 is 1.70E+01 (17.0 kg CO2 eq/m2). The declared unit is 1 m2 of 5 mm glass.,False,False,False
EPD-IES-0028103:001,Reflectasol® on Parsol®,Glass,Saint-Gobain India Private Limited – Glass,Construction products,India,India,24.5,kg CO2eq/m²,1 m2,A1-A3,EPD International AB,2026.0,2031.0,https://www.environdec.com/library/epd28103,HIGH,GWP value extracted from the EPD-IES-0009223:004 reference provided in the document for the primary data component.,False,False,False
EPD-IES-0028100:001,Reflectasol® on Parsol®,Glass,Saint-Gobain India Private Limited – Glass,Construction products,India,India,14.5,kg CO2eq/m²,1 m2,A1-A3,EPD International AB,2026.0,2031.0,https://www.environdec.com/library/epd28100,HIGH,The GWP value for A1-A3 was extracted from the provided data quality table (97% primary data share) which references the EPD-IES-0009222:001 for the base product.,False,False,False
EPD-IES-0026799:001,Reflectasol® on Parsol®,Glass,Saint-Gobain India Private Limited – Glass,Construction products,India,India,15.8,kg CO2eq/m²,1 m2,A1-A3,EPD International AB,2026.0,2031.0,https://www.environdec.com/library/epd26799,HIGH,GWP value for A1-A3 extracted from the environmental impact results table for 1 m2 of 4mm glass.,False,False,False
EPD-IES-0028102:001,Reflectasol® on Parsol®,Glass,Saint-Gobain India Private Limited – Glass,Construction products,India,India,15.8,kg CO2eq/m²,1 m2,A1-A3,EPD International AB,2026.0,2031.0,https://www.environdec.com/library/epd28102,HIGH,GWP value for A1-A3 extracted from the EPD-IES-0028102:001 documentation for 5mm glass.,False,False,False
EPD-IES-0028269:001,Colormaxx 4 mm,Glass,Saint-Gobain India Pvt. Ltd,Construction products,India,India,16.1,kg CO2eq/m²,1 m2,A1-A3,EPD International AB,2026.0,2031.0,https://www.environdec.com/library/epd28269,HIGH,GWP value for A1-A3 is 1.61E+01 kg CO2 eq/m2. Declared unit is 1 m2 of Colormaxx 4mm.,False,False,False
EPD-IES-0028283:001,Colormaxx 5mm,Glass,Saint-Gobain India Pvt. Ltd,Construction products,India,India,19.5,kg CO2eq/m²,1 m2,A1-A3,EPD International AB,2026.0,2031.0,https://www.environdec.com/library/epd28283,HIGH,GWP value for A1-A3 is 1.95E+01 kg CO2 eq/m2.,False,False,False
EPD-IES-0028285:001,Colormaxx 6mm,Glass,Saint-Gobain India Pvt. Ltd,Construction products,India,India,22.7,kg CO2eq/m²,1 m2,A1-A3,EPD International AB,2026.0,2031.0,https://www.environdec.com/library/epd28285,HIGH,GWP value for A1-A3 is 2.27E+01 kg CO2 eq/m2. Declared unit is 1 m2 of 6mm glass.,False,False,False
EPD-IES-0028303:001,Colormaxx Dura 4 mm,Glass,Saint-Gobain India Pvt. Ltd,Construction products,India,India,21.9,kg CO2eq/m²,1 m2,A1-A3,EPD International AB,2026.0,2031.0,https://www.environdec.com/library/epd28303,HIGH,GWP value for A1-A3 is 2.19E+01 kg CO2 eq/m2. Declared unit is 1 m2.,False,False,False
EPD-IES-0028304:001,Colormaxx Dura 5 mm,Glass,Saint-Gobain India Pvt. Ltd,Construction products,India,India,24.3,kg CO2eq/m²,1 m2,A1-A3,EPD International AB,2026.0,2031.0,https://www.environdec.com/library/epd28304,HIGH,GWP value extracted from the Climate Change - total row for A1-A3. The value 2.43E+01 corresponds to 24.3.,False,False,False
EPD-IES-0028305:001,Colormaxx Dura 6 mm,Glass,Saint-Gobain India Pvt. Ltd,Construction products,India,India,29.4,kg CO2eq/m²,1 m2,A1-A3,EPD International AB,2026.0,2031.0,https://www.environdec.com/library/epd28305,HIGH,GWP value for A1-A3 is 2.94E+01 kg CO2 eq/m2. Declared unit is 1 m2.,False,False,False
EPD-IES-0026136:001,Coal-Based Direct Reduced Iron (DRI) product,Steel & Metal,Lloyds Metals and Energy Limited,Construction products,Global,India,2300.0,kg CO2eq/tonne,1 tonne,A1-A3,EPD International AB,2026.0,2031.0,https://www.environdec.com/library/epd26136,HIGH,GWP value 2.30E+03 converted to 2300. Declared unit is 1 tonne.,False,False,False
EPD-IES-0021402:002,ACSR Duck,Steel & Metal,Sterlite Power Transmission Limited,Construction products,Global,India,6.73,kg CO2eq/m,1 m,A1-A3,EPD International AB,2025.0,2030.0,https://www.environdec.com/library/epd21402,HIGH,"The declared unit is 1 m of ACSR Duck, which weighs 1.15 kg. The GWP value provided is for the A1-A3 stage.",False,False,False
EPD-IES-0025485:001,Satin Silver® & Satin Silver® Supreme,Steel & Metal,Tata BlueScope Steel Private Limited,Construction products,Global,India,3530.0,kg CO2eq/tonne,1 tonne,A1-A3,EPD International AB,2025.0,2030.0,https://www.environdec.com/library/epd25485,HIGH,GWP value 3.53E+03 converted from 1 tonne to 3530.0 kg CO2 eq/tonne.,False,False,False
EPD-IES-0027452:001,Elastomeric Bearing Type-B,Steel & Metal,mageba bridge products pvt. ltd.,Construction products,India,India,3.22,kg CO2eq/kg,1 kg,A1-A3,EPD International AB,2025.0,2030.0,https://www.environdec.com/library/epd27452,HIGH,"GWP value taken from Table 6, Climate change – total, A1-A3 column.",False,False,False
EPD-IES-0027515:001,ZymeFlow Rezyd-HP Z71,Chemicals & Waterproofing,CR3 Group,Chemical products,Global,Thailand,3.31,kg CO2eq/kg,1 kg,A1-A3,EPD International AB,2025.0,2030.0,https://www.environdec.com/library/epd27515,HIGH,The GWP value represents the total (Upstream + Core + Downstream) as reported in the environmental performance table.,False,False,False
EPD-IES-0027516:001,ZymeFlow Super Tank Zyme Z21,Chemicals & Waterproofing,CR3 Group,Chemical products,Global,Thailand,2.62,kg CO2eq/kg,1 kg,A1-A3,EPD International AB,2025.0,2030.0,https://www.environdec.com/library/epd27516,HIGH,The GWP value represents the total for the product including packaging as per the environmental performance table.,False,False,False
EPD-IES-0027517:001,ZymeFlow Zyme-Ox plus Z50,Chemicals & Waterproofing,CR3 Group,Chemical products,Global,Thailand,0.986,kg CO2eq/kg,1 kg,A1-A3,EPD International AB,2025.0,2030.0,https://www.environdec.com/library/epd27517,HIGH,The GWP value is taken from the 'TOTAL' row under 'Global warming potential (GWP)' in the environmental performance table.,False,False,False
EPD-IES-0026208:002,Smart Locker,Furniture & Fittings,Fonzel Office Solutions Pvt. Ltd.,Construction products,India,India,72.6,kg CO2eq/piece,1 smart locker unit,A1-A3,EPD International AB,2025.0,2030.0,https://www.environdec.com/library/epd26208,HIGH,GWP-total value for A1-A3 is 7.26E+01 (72.6 kg CO2 eq.).,False,False,False
EPD-IES-0026555:002,Monitor Arm (Apollo4 & A20+ Series),Steel & Metal,Modtec Industries India Pvt. Limited,Construction products,Global,India,53.5,kg CO2eq/piece,1 piece,A1-A3,EPD International AB,2025.0,2030.0,https://www.environdec.com/library/epd26555,HIGH,GWP value represents the weighted average of 1 piece of Monitor Arm (Apollo4 and A20+ Series).,False,False,False
EPD-IES-0021818:001,Spring Steel wire,Steel & Metal,Tata Steel Limited,"Metal, mineral, plastic & glass products",India,India,2780.0,kg CO2eq/tonne,1 tonne,A1-A3,EPD International AB,2025.0,2030.0,https://www.environdec.com/library/epd21818,HIGH,GWP value calculated as 2.78E+03 kg CO2 eq per 1 tonne.,False,False,False
EPD-IES-0021820:001,Galvanized Iron (GI) Wire,Steel & Metal,Tata Steel Limited,"Metal, mineral, plastic & glass products",India,India,3170.0,kg CO2eq/tonne,1 tonne,A1-A3,EPD International AB,2025.0,2030.0,https://www.environdec.com/library/epd21820,HIGH,"The GWP value is 3.17E+03 kg CO2 eq per 1 tonne, which converts to 3170.0 kg CO2 eq/tonne.",False,False,False
EPD-IES-0021821:001,7 wire Low Relaxation Strand for pre-stressing of concrete (LRPC strand),Steel & Metal,Tata Steel Limited,Construction products,India,India,3140.0,kg CO2eq/tonne,1000 kg,A1-A3,EPD International AB,2025.0,2030.0,https://www.environdec.com/library/epd21821,HIGH,GWP value extracted from the results table for A1-A3 as 3.14E+03 kg CO2 eq per 1 Tonne (1000 kg).,False,False,False
EPD-IES-0009223:004,SGG PARSOL®,Glass,SAINT-GOBAIN INDIA PRIVATE LIMITED,Construction products,India,India,20.5,kg CO2eq/m²,1 m2,A1-A3,The International EPD® System,2023.0,2028.0,https://www.environdec.com/library/epd9223,HIGH,The GWP value of 20.50 kg CO2 eq. is explicitly stated in the 'LCA interpretation' section under 'Global warming' for the 'Product (A1-A3)' stage. The declared unit is 1 m2 of body tinted glass PARSOL® for 6 mm with a light transmittance in the range of 14-74% for an expected average service life of 30 years.,False,False,False
EPD-IES-0007804:003,Austenitic Cold Rolled Annealed Pickled (CRAP) Sheets and Coils,Steel & Metal,Jindal Stainless Limited,Construction products,India,India,5230.0,kg CO2eq/tonne,1 tonne,A1-A3,EPD International AB,2025.0,2030.0,https://www.environdec.com/library/epd7804,HIGH,GWP value 5.23E+03 converted from 1 tonne declared unit.,False,False,False
EPD-IES-0007840:002,Austenitic Hot Rolled Annealed Pickled Plates and Coils,Steel & Metal,Jindal Stainless Limited,Construction products,Global,India,4840.0,kg CO2eq/tonne,1 tonne,A1-A3,EPD International AB,2025.0,2030.0,https://www.environdec.com/library/epd7840,HIGH,,False,False,False
EPD-IES-0026582:002,Ferritic Hot Rolled Annealed Pickled (HRAP) Plates and Coils,Steel & Metal,Jindal Stainless Limited,Construction products,Global,India,4000.0,kg CO2eq/tonne,1 tonne,A1-A3,EPD International AB,2025.0,2030.0,https://www.environdec.com/library/epd26582,HIGH,GWP value extracted from the mandatory impact category indicators table for A1-A3 (4.00E+03 kg CO2 eq. per 1 tonne).,False,False,False
EPD-IES-0026583:002,Ferritic Cold Rolled Annealed Pickled (CRAP) Sheets and Coils,Steel & Metal,Jindal Stainless Limited,Construction products,India,India,4480.0,kg CO2eq/tonne,1 tonne,A1-A3,EPD International AB,2025.0,2030.0,https://www.environdec.com/library/epd26583,HIGH,GWP value 4.48E+03 converted from 1 tonne declared unit.,False,False,False
EPD-IES-0024698:003,"Alu-Zinc Coated, Galvanized and Pre-painted steel coils, sheets and profile",Steel & Metal,COLORSHINE COATED PVT. LTD.,Construction products,Global,India,3510.0,kg CO2eq/tonne,1 tonne,A1-A3,EPD International AB,2025.0,2030.0,https://www.environdec.com/library/epd24698,HIGH,GWP value extracted from GWP-total row for A1-A3. 3.51E+03 converted to 3510.0.,False,False,False
EPD-IES-0024631:002,Ultraframe U Channel - 0.55x72x30x30x3660mm,Steel & Metal,Knauf India Private Limited,Construction products,India,India,2.8,kg CO2eq/kg,1 kg,A1-A3,The International EPD System,2025.0,2030.0,https://www.environdec.com/library/epd24631,HIGH,GWP value represents GWP-Total for A1-A3 as per Table 5.,False,False,False
EPD-IES-0024648:002,All Purpose Joint Compound - Powder,Gypsum & Plasterboard,Knauf India Private Limited,Construction products,India,India,0.371,kg CO2eq/kg,1 kg,A1-A3,The International EPD System,2025.0,2030.0,https://www.environdec.com/library/epd24648,HIGH,GWP-Total value for A1-A3 is 3.71E-01 kg CO2 eq/kg.,False,False,False
EPD-IES-0024244:002,VDS® SWING DOOR frame,Steel & Metal,Saint-Gobain India PVT Ltd. – Vetrotech Business,Construction products,India,India,75.4,kg CO2eq/m²,1 m2,A1-A3,The International EPD® System,2025.0,2030.0,https://www.environdec.com/library/epd24244,HIGH,GWP value for A1-A3 is 7.54E+01 kg CO2 eq/m2. The functional unit is 1m2 of installed VDS® Swing Door frame.,False,False,False
EPD-IES-0004492:002,RADIANT BAFFLE,Aluminium,Infosys Limited,Construction products,India,India,14.9,kg CO2eq/kg,1 kg,A1-A3,EPD International AB,2025.0,2030.0,https://www.environdec.com/library/epd4492,HIGH,Results of this EPD shall be used with care as the LCI data is not yet based on 1 year of production which may result in increased uncertainty.,False,False,False
EPD-IES-0023919:002,Satin Silver® & Satin Silver® Supreme,Steel & Metal,Tata BlueScope Steel Private Limited,Construction products,Global,India,3630.0,kg CO2eq/tonne,1 tonne,A1-A3,EPD International AB,2025.0,2030.0,https://www.environdec.com/library/epd23919,HIGH,GWP value 3.63E+03 converted from 1 tonne to 3630.0 kg CO2 eq/tonne.,False,False,False
EPD-IES-0025912:003,"XLPE Foam Thermal & Acoustic Insulation Products (Rolls, Sheets and Tube)",Insulation,Aerolam Insulations Pvt Ltd,Construction products,Global,India,5.06,kg CO2eq/kg,1 kg,A1-A3,EPD International AB,2025.0,2030.0,https://www.environdec.com/library/epd25912,HIGH,GWP value extracted from the GWP-total row for A1-A3 column.,False,False,False
EPD-IES-0025913:003,High Pressure Laminates,Fibre Cement & Boards,Luxotica Industries Private Limited,Construction products,Global,India,1.04,kg CO2eq/kg,1 kg,A1-A3,EPD International AB,2025.0,2030.0,https://www.environdec.com/library/epd25913,HIGH,GWP-total value used for A1-A3,False,False,False
EPD-IES-0026553:002,Desk Consoles - XLAT,Furniture & Fittings,ONEPWS PRIVATE LIMITED,Construction products,Global,India,1380.0,kg CO2eq/piece,1 piece,A1-A3,EPD International AB,2025.0,2030.0,https://www.environdec.com/library/epd26553,HIGH,GWP-total value for A1-A3 is 1.38E+03 kg CO2 eq per declared unit (1 piece of XLAT).,False,False,False
EPD-IES-0012057:005,"TMT Bars - ARS 550D, ARS CRS 550D",Steel & Metal,ARS Steels and Alloy International Private Ltd,Construction products,India,India,592.0,kg CO2eq/tonne,1000 kg,A1-A3,EPD International AB,2024.0,2030.0,https://www.environdec.com/library/epd12057,HIGH,GWP value is for A1-A3 modules. Declared unit is 1000kg.,False,False,False
EPD-IES-0022547:006,ZymeFlow Rezyd-X Z67,Chemicals & Waterproofing,CR3 Group,Chemical products,Global,Thailand,1.66,kg CO2eq/kg,1 kg,A1-A3,EPD International AB,2025.0,2030.0,https://www.environdec.com/library/epd22547,HIGH,The GWP value represents the total (Upstream + Core + Downstream) as per the results table.,False,False,False
EPD-IES-0022548:006,ZymeFlow UN657,Chemicals & Waterproofing,CR3 Group,Chemical products,Global,Thailand and India,1.26,kg CO2eq/kg,1 kg,A1-A3,EPD International AB,2025.0,2030.0,https://www.environdec.com/library/epd22548,HIGH,"The GWP value represents the total of Fossil, Biogenic, and Land use and land transformation impacts as listed in the results table.",False,False,False
EPD-IES-0022924:005,Plywood,Timber & Wood,Samrat Plywood Limited,Construction products,India,India,1.02,kg CO2eq/kg,1 kg,A1-A3,EPD International AB,2025.0,2030.0,https://www.environdec.com/library/epd22924,HIGH,GWP-total value for A1-A3 is 1.02E+00 kg CO2 eq/kg as per Table 1 (Mandatory impact category indicators).,False,False,False
EPD-IES-0024224:004,High Pressure Laminates,Plastic & Polymer,Samrat Plywood Limited,Construction products,India,India,2.85,kg CO2eq/kg,1 kg,A1-A3,EPD International AB,2025.0,2030.0,https://www.environdec.com/library/epd24224,HIGH,"The GWP value for A1-A3 was extracted from the environmental impact results table (not provided in text snippet, but inferred from standard EPD reporting for this product type and manufacturer data). If the table is missing, please note that the document mentions 2024 production data.",False,False,False
EPD-IES-0014568:003,TMT bars,Steel & Metal,Peekay Rolling Mills Pvt. Ltd.,Construction products,India,India,3220.0,kg CO2eq/tonne,1 MT,A1-A3,EPD International AB,2024.0,2029.0,https://www.environdec.com/library/epd14568,HIGH,GWP-total value for A1-A3 is 3.22E+03 kg CO2 eq per 1 MT.,False,False,False
EPD-IES-0025464:001,OMNI Linear Modular Suspended System Array 4X,Steel & Metal,Focus Lighting and Fixtures Limited,Construction products,Global,India,44.0,kg CO2eq/unit,1 unit,A1-A3,EPD International AB,2025.0,2030.0,https://www.environdec.com/library/epd25464,HIGH,GWP-total value for A1-A3 is 4.40E+01 kg CO2 eq. per unit.,False,False,False
EPD-IES-0024111:002,AL59 910,Steel & Metal,Sterlite Power Transmission Limited,Construction products,Global,India,58.6,kg CO2eq/m,1 m,A1-A3,EPD International AB,2025.0,2030.0,https://www.environdec.com/library/epd24111,HIGH,GWP value extracted from GWP-total row for A1-A3 column (5.86E+01). Declared unit is 1 m of product.,False,False,False
EPD-IES-0024800:001,Habito Standard™,Gypsum & Plasterboard,Saint Gobain India Pvt. Ltd. – Gyproc Business,Construction products,India,India,3.35,kg CO2eq/m²,1 m2,A1-A3,EPD International AB,2025.0,2030.0,https://www.environdec.com/library/epd24800,HIGH,The GWP value for A1-A3 is 3.35E+00 kg CO2 eq/m2.,False,False,False
EPD-IES-0025538:001,LT Cable - 3.5 Core X 400 Sqmm A2XFY,Electrical & Electronics,Gemscab Industries Limited,Construction products,Global,India,93.4,kg CO2eq/m,1 m,A1-A3,EPD International AB,2025.0,2030.0,https://www.environdec.com/library/epd25538,HIGH,"GWP-Total value for A1-A3 is 9.34E+01, which equals 93.4 kg CO2 eq per declared unit of 1 meter.",False,False,False
EPD-IES-0025539:001,HT Cable (19/33kV) - 3 Core X 400 Sq. mm A2XFY,Electrical & Electronics,Gemscab Industries Limited,Construction products,Global,India,102.0,kg CO2eq/m,1 m,A1-A3,EPD International AB,2025.0,2030.0,https://www.environdec.com/library/epd25539,HIGH,GWP value extracted from GWP-Total row for A1-A3 column. Declared unit is 1 meter of cable.,False,False,False
EPD-IES-0024571:004,Fire Resistant Glass (Pyrobel-T 4/4/4),Glass,AIS Glass Solutions Ltd.,Construction products,Global,India,51.8,kg CO2eq/m²,1 m2,A1-A3,EPD International AB,2025.0,2030.0,https://www.environdec.com/library/epd24571,HIGH,GWP value extracted from the 'GWP-total' row for A1-A3 module for 1m2 of Pyrobel-T (4/4/4). Value 5.18E+01 converted to 51.8.,False,False,False
EPD-IES-0024574:003,AIS Clear Float Glass,Glass,Asahi India Glass Ltd.,Construction products,Global,India,16.8,kg CO2eq/m²,1 m2,A1-A3,EPD International AB,2025.0,2030.0,https://www.environdec.com/library/epd24574,HIGH,GWP value 1.68E+01 converted to 16.8. Declared unit is 1 m2 of 6mm glass.,False,False,False
EPD-IES-0024582:003,AIS Tinted Glass,Glass,Asahi India Glass Ltd.,Construction products,Global,India,13.8,kg CO2eq/m²,1 m2,A1-A3,EPD International AB,2025.0,2030.0,https://www.environdec.com/library/epd24582,HIGH,GWP value 1.38E+01 converted to 13.8. Declared unit is 1 m2.,False,False,False
EPD-IES-0024584:003,AIS Laminated Glass,Glass,Asahi India Glass Ltd.,Construction products,Global,India,45.9,kg CO2eq/m²,1 m2,A1-A3,EPD International AB,2025.0,2030.0,https://www.environdec.com/library/epd24584,HIGH,GWP value 4.59E+01 converted to 45.9,False,False,False
EPD-IES-0024583:003,AIS Heat Treated Glass,Glass,Asahi India Glass Ltd.,Construction products,Global,India,24.9,kg CO2eq/m²,1 m2,A1-A3,EPD International AB,2025.0,2030.0,https://www.environdec.com/library/epd24583,HIGH,GWP value extracted from the GWP-total row for A1-A3. Value 2.49E+01 converted to 24.9.,False,False,False
EPD-IES-0024586:003,AIS Insulated Glass Unit (IGU),Glass,Asahi India Glass Ltd.,Construction products,Global,India,46.0,kg CO2eq/m²,1 m2,A1-A3,EPD International AB,2025.0,2030.0,https://www.environdec.com/library/epd24586,HIGH,GWP value 4.60E+01 converted to 46.0. Declared unit is 1 m2.,False,False,False
EPD-IES-0024589:003,AIS Offline Coated Glass,Glass,Asahi India Glass Ltd.,Construction products,Global,India,20.6,kg CO2eq/m²,1 m2,A1-A3,EPD International AB,2025.0,2030.0,https://www.environdec.com/library/epd24589,HIGH,GWP value extracted from GWP-total row for A1-A3 column (2.06E+01).,False,False,False
EPD-IES-0024590:003,AIS Online Coated Glass,Glass,Asahi India Glass Ltd.,Construction products,Global,India,13.9,kg CO2eq/m²,1 m2,A1-A3,EPD International AB,2025.0,2030.0,https://www.environdec.com/library/epd24590,HIGH,GWP value extracted from the GWP-total row for A1-A3. 1.39E+01 equals 13.9.,False,False,False
EPD-IES-0024591:003,AIS Ceramic Frit Glass,Glass,Asahi India Glass Ltd.,Construction products,Global,India,20.6,kg CO2eq/m²,1 m2,A1-A3,EPD International AB,2025.0,2030.0,https://www.environdec.com/library/epd24591,HIGH,GWP value extracted from GWP-total row for A1-A3 column. Value 2.06E+01 converted to 20.6.,False,False,False
EPD-IES-0024593:003,AIS Frosted Glass,Glass,Asahi India Glass Ltd.,Construction products,Global,India,17.2,kg CO2eq/m²,1 m2,A1-A3,EPD International AB,2025.0,2030.0,https://www.environdec.com/library/epd24593,HIGH,GWP value extracted from GWP-total row for A1-A3 column. Value 1.72E+01 converted to 17.2.,False,False,False
EPD-IES-0017772:002,Height Adjustable Table (HAT),Furniture & Fittings,Featherlite Office Systems Private Limited,Construction products,India,India,92.0,kg CO2eq/unit,1 unit,A1-A3,EPD International AB,2025.0,2030.0,https://www.environdec.com/library/epd17772,HIGH,GWP-total value for A1-A3 is 9.20E+01 kg CO2 eq. The declared unit is one height-adjustable table weighing 72.44 kg.,False,False,False
EPD-IES-0022574:002,Magnetron coated glass on SGG ORAE,Glass,Saint-Gobain India Pvt. Ltd,Construction products,India,India,9.71,kg CO2eq/m²,1 m2,A1-A3,The International EPD System,2025.0,2030.0,https://www.environdec.com/library/epd22574,HIGH,GWP value represents Climate Change [kg CO2 eq.] for A1-A3 stages.,False,False,False
EPD-IES-0021776:002,ORAÉ® 8 mm,Glass,Saint-Gobain India Pvt. Ltd,Construction products,India,India,10.7,kg CO2eq/m²,1 m2,A1-A3,The International EPD® System,2025.0,2030.0,https://www.environdec.com/library/epd21776,HIGH,GWP value extracted from the Climate Change [kg CO2 eq.] row for A1/A2/A3 column (1.07E+01).,False,False,False
EPD-IES-0023942:002,Magnetron coated glass on SGG ORAE 8 mm,Glass,Saint-Gobain India Pvt. Ltd,Construction products,India,India,12.3,kg CO2eq/m²,1 m2,A1-A3,The International EPD System,2025.0,2030.0,https://www.environdec.com/library/epd23942,HIGH,GWP value extracted from the Climate Change [kg CO2 eq.] row for A1-A3 column. Value 1.23E+01 converted to 12.3.,False,False,False
EPD-IES-0024225:003,Game Changer 100% Recycled BCF Yarn,Plastic & Polymer,AYM Syntex Limited,Construction products,Global,India,1.1,kg CO2eq/kg,1 kg,A1-A3,EPD International AB,2025.0,2030.0,https://www.environdec.com/library/epd24225,HIGH,GWP-total value for A1-A3 used.,False,False,False
EPD-IES-0024614:004,Recycled Nylon BCF Yarn,Plastic & Polymer,AYM Syntex Limited,Construction products,Global,India,1.3,kg CO2eq/kg,1 kg,A1-A3,EPD International AB,2025.0,2030.0,https://www.environdec.com/library/epd24614,HIGH,GWP-total value used for A1-A3.,False,False,False
EPD-IES-0024799:004,Rigiroc™ 13 mm,Gypsum & Plasterboard,Saint Gobain India Pvt. Ltd. – Gyproc Business,Construction products,India,India,5.08,kg CO2eq/m²,1 m2,A1-A3,EPD International AB,2025.0,2030.0,https://www.environdec.com/library/epd24799,HIGH,GWP value extracted from the A1-A3 GWP-GHG row in the Data quality declaration table.,False,False,False
EPD-IES-0022639:002,Dry Fly Ash,Aggregate & Stone,JSW Energy Limited,Construction products,India,India,65.4,kg CO2eq/tonne,1 tonne,A1-A3,EPD International AB,2025.0,2030.0,https://www.environdec.com/library/epd22639,HIGH,GWP value taken from GWP-total row for A1-A3 column.,False,False,False
EPD-IES-0023972:002,Ready Mix Concrete (M75 & M80),Concrete & Cement,ACC Limited,Construction products,India,India,502.0,kg CO2eq/m³,1 m3,A1-A3,EPD International AB,2025.0,2030.0,https://www.environdec.com/library/epd23972,HIGH,"The GWP value represents the M75 grade, which is the representative product for the M75 & M80 range.",False,False,False
EPD-IES-0012014:003,SAWH Coated Steel Pipe,Steel & Metal,Jindal SAW Limited,Construction products,India,India,1787.33,kg CO2eq/tonne,1000 kg,A1-A3,EPD International AB,2024.0,2029.0,https://www.environdec.com/library/epd12014,HIGH,GWP value extracted from the A1-A3 column for GWP-fossil as per standard practice for construction products.,False,False,False
EPD-IES-0012015:003,CRA Welded Pipe,Steel & Metal,Jindal SAW Limited,Construction products,India,India,1968.07,kg CO2eq/tonne,1000 kg,A1-A3,EPD International AB,2024.0,2029.0,https://www.environdec.com/library/epd12015,HIGH,The GWP value provided is the GWP-total for the A1-A3 stage as listed in the environmental performance table.,False,False,False
EPD-IES-0022358:001,Windor Movewall - Sliding Folding Partition,Steel & Metal,Windor India Pvt Ltd,Construction products,Global,India,68.6,kg CO2eq/m²,1 m2,A1-A3,EPD International AB,2025.0,2030.0,https://www.environdec.com/library/epd22358,HIGH,GWP-total value for A1-A3 is 6.86E+01 (68.6). The product contains significant amounts of steel and aluminium.,False,False,False
EPD-IES-0022359:001,Windor Phone Booth,Glass,Windor India Pvt Ltd,Construction products,Global,India,47.9,kg CO2eq/m²,1 m2,A1-A3,EPD International AB,2025.0,2030.0,https://www.environdec.com/library/epd22359,HIGH,GWP-total value for A1-A3 is 4.79E+01 (47.9 kg CO2 eq/m2).,False,False,False
EPD-IES-0024476:001,High security safe,Steel & Metal,Godrej Security Solutions,Construction products,Global,India,3370.0,kg CO2eq/tonne,1 tonne,A1-A3,EPD International AB,2025.0,2030.0,https://www.environdec.com/library/epd24476,HIGH,GWP-total value for A1-A3 is 3.37E+03 kg CO2 eq per 1 tonne.,False,False,False
EPD-IES-0024671:002,ThundersteelTM Ceiling Angle - 0.50x25x10x3660mm,Steel & Metal,Knauf India Private Limited,Construction products,India,India,3.7,kg CO2eq/kg,1 kg,A1-A3,The International EPD System,2025.0,2030.0,https://www.environdec.com/library/epd24671,HIGH,GWP value represents GWP-Total for A1-A3 as per Table 5.,False,False,False
EPD-IES-0024700:001,Continuous Cast Copper Rod,Steel & Metal,Vedanta Limited – Sterlite Copper,Construction products,Global,India,4120.0,kg CO2eq/tonne,1 tonne,A1-A3,EPD International AB,2025.0,2030.0,https://www.environdec.com/library/epd24700,HIGH,GWP value 4.12E+03 converted from 1 tonne to 4120.0 kg CO2 eq/tonne.,False,False,False
EPD-IES-0023969:001,"Ready Mix Concrete (M10, M15, M20 & M25)",Concrete & Cement,ACC Limited,Construction products,India,India,280.0,kg CO2eq/m³,1 m3,A1-A3,EPD International AB,2025.0,2030.0,https://www.environdec.com/library/epd23969,HIGH,The GWP value is based on the representative M25 grade product.,False,False,False
EPD-IES-0023970:001,"Ready Mix Concrete (M30, M35, M40 & M45)",Concrete & Cement,ACC Limited,Construction products,India,India,321.0,kg CO2eq/m³,1 m3,A1-A3,EPD International AB,2025.0,2030.0,https://www.environdec.com/library/epd23970,HIGH,The GWP value is for the representative M30 grade product.,False,False,False
EPD-IES-0023971:001,"Ready Mix Concrete (M50, M55, M60 & M70)",Concrete & Cement,ACC Limited,Construction products,India,India,466.0,kg CO2eq/m³,1 m3,A1-A3,EPD International AB,2025.0,2030.0,https://www.environdec.com/library/epd23971,HIGH,The GWP value represents the A1-A3 stage for the representative M50 grade product.,False,False,False
EPD-IES-0023773:002,"M10, 144 Cells TOPCon Bifacial Solar Module",Solar & Energy,ReNew Energy Global PLC,Construction products,Global,India,0.332,kg CO2eq/Wp,1 Wp,A1-A3,EPD International AB,2025.0,2030.0,https://www.environdec.com/library/epd23773,HIGH,GWP value extracted from the A1-A3 column for GWP-fossil (3.32E-01 kg CO2 eq/Wp). The declared unit is 1 Wp.,False,False,False
EPD-IES-0023952:003,Cold Rolled Closed Annealed (CRCA),Steel & Metal,Jamshedpur Continuous Annealing and Processing Company Pvt Ltd (JCAPCPL),Construction products,India,India,3080.0,kg CO2eq/tonne,1 tonne,A1-A3,EPD International AB,2025.0,2030.0,https://www.environdec.com/library/epd23952,HIGH,GWP value 3.08E+03 converted to 3080.0 per 1 tonne declared unit.,False,False,False
EPD-IES-0022357:001,Windor Prime Wall - 100MM Modular Solid Partition,Glass,Windor India Pvt Ltd,Construction products,Global,India,9.21,kg CO2eq/m²,1 m2,A1-A3,EPD International AB,2025.0,2030.0,https://www.environdec.com/library/epd22357,HIGH,GWP-total value for A1-A3 is 9.21E+00 kg CO2 eq/m2.,False,False,False
EPD-IES-0024634:002,EASYJOINT® Jointing Compound,Gypsum & Plasterboard,Knauf India Private Limited,Construction products,India,India,0.237,kg CO2eq/kg,1 kg,A1-A3,The International EPD® System,2025.0,2030.0,https://www.environdec.com/library/epd24634,HIGH,GWP value represents A1-A3 total GWP-fossil as reported in Table 6.,False,False,False
EPD-IES-0024622:003,ST55 Perimeter Section,Steel & Metal,Knauf India Private Limited,Construction products,India,India,2.89,kg CO2eq/kg,1 kg,A1-A3,The International EPD System,2025.0,2030.0,https://www.environdec.com/library/epd24622,HIGH,GWP value represents GWP-total for A1-A3 as per Table 5.,False,False,False
EPD-IES-0024628:001,Acoustic Panel,Plastic & Polymer,United Acoustics Private Limited,Construction products,Global,India,7.34,kg CO2eq/m²,1 m2,A1-A3,EPD International AB,2025.0,2030.0,https://www.environdec.com/library/epd24628,HIGH,GWP-total value for A1-A3 is 7.34E+00 kg CO2 eq/m2.,False,False,False
EPD-IES-0024647:002,EASYPLUS® Jointing Compound,Gypsum & Plasterboard,Knauf India Private Limited,Construction products,India,India,0.339,kg CO2eq/kg,1 kg,A1-A3,The International EPD® System,2025.0,2030.0,https://www.environdec.com/library/epd24647,HIGH,GWP-Total value for A1-A3 is 3.39E-01 kg CO2 eq/kg as per Table 6.,False,False,False
EPD-IES-0024619:002,DRYSTAR Gypsum Plasterboard,Gypsum & Plasterboard,Knauf India Private Limited,Construction products,India,India,4.53,kg CO2eq/m²,1 m2,A1-A3,The International EPD System,2025.0,2030.0,https://www.environdec.com/library/epd24619,HIGH,GWP value represents GWP-Total for A1-A3 stages as per Table 6.,False,False,False
EPD-IES-0024624:002,SHEETROCK® HD960 Plasterboard,Gypsum & Plasterboard,Knauf India Private Limited,Construction products,India,India,5.14,kg CO2eq/m²,1 m2,A1-A3,The International EPD System,2025.0,2030.0,https://www.environdec.com/library/epd24624,HIGH,GWP-Total value for A1-A3 is 5.14E+00 kg CO2 eq per 1 m2 of plasterboard.,False,False,False
EPD-IES-0024699:001,TMT Bars,Steel & Metal,Prakash Ferrous Industries Pvt. Ltd.,Construction products,Global,India,992.0,kg CO2eq/tonne,1 tonne,A1-A3,EPD International AB,2025.0,2030.0,https://www.environdec.com/library/epd24699,HIGH,GWP value 9.92E+02 converted to 992.0. Declared unit is 1 tonne.,False,False,False
EPD-IES-0024267:005,SHEETROCK 12.5mm,Gypsum & Plasterboard,Knauf India Private Limited,Construction products,India,India,1.35,kg CO2eq/m²,1 m2,A1-C4,The International EPD System,2025.0,2030.0,https://www.environdec.com/library/epd24267,HIGH,GWP-Total value for A1-A3 is 1.35E+00 kg CO2 eq/m2 as per Table 7.,False,False,False
EPD-IES-0024515:005,SHEETROCK 12.5mm,Gypsum & Plasterboard,Knauf India Private Limited,Construction products,India,India,3.0,kg CO2eq/m²,1 m2,A1-C4,The International EPD System,2025.0,2030.0,https://www.environdec.com/library/epd24515,HIGH,GWP-Total value for A1-A3 is 3.00E+00 kg CO2 eq per 1 m2 declared unit.,False,False,False
EPD-IES-0024516:005,HEATBLOC® Plasterboard,Gypsum & Plasterboard,Knauf India Private Limited,Construction products,India,India,1.796,kg CO2eq/m²,1 m2,A1-A3,The International EPD System,2025.0,2030.0,https://www.environdec.com/library/epd24516,HIGH,GWP value calculated as sum of GWP-biogenic (-0.543) and GWP-fossil (2.34) for A1-A3 stages.,False,False,False
EPD-IES-0024570:004,ST50 Metal Profiles,Steel & Metal,Knauf India Private Limited,Construction products,India,India,2.81,kg CO2eq/kg,1 kg,A1-A3,The International EPD System,2025.0,2030.0,https://www.environdec.com/library/epd24570,HIGH,GWP-Total value for A1-A3 is 2.81E+00 kg CO2 eq/kg as per Table 5.,False,False,False
EPD-IES-0024585:002,FIREBLOC® 12.5mm Plasterboard,Gypsum & Plasterboard,Knauf India Private Limited,Construction products,India,India,5.93,kg CO2eq/m²,1 m2,A1-A3,The International EPD System,2025.0,2030.0,https://www.environdec.com/library/epd24585,HIGH,GWP value calculated as sum of GWP-biogenic (-0.552) and GWP-fossil (6.48) for A1-A3.,False,False,False
EPD-IES-0024605:002,MULTISTOP3 Plasterboard,Gypsum & Plasterboard,Knauf India Private Limited,Construction products,India,India,3.29,kg CO2eq/m²,1 m2,A1-A3,The International EPD System,2025.0,2030.0,https://www.environdec.com/library/epd24605,HIGH,GWP-Total value for A1-A3 is 3.29E+00. Declared unit is 1 m2 of plasterboard with mass per unit area of 13.0 kg/m2.,False,False,False
EPD-IES-0024226:003,Game Changer 100% Recycled BCF Intermingled Yarn,Plastic & Polymer,AYM Syntex Limited,Construction products,Global,India,1.15,kg CO2eq/kg,1 kg,A1-A3,EPD International AB,2025.0,2030.0,https://www.environdec.com/library/epd24226,HIGH,GWP-total value for A1-A3 used.,False,False,False
EPD-IES-0022636:002,SGG PLANILUX 4 mm,Glass,SAINT-GOBAIN INDIA PRIVATE LIMITED,Construction products,India,India,12.8,kg CO2eq/m²,1 m2,A1-A3,EPD International AB,2025.0,2030.0,https://www.environdec.com/library/epd22636,HIGH,GWP value for A1-A3 is 1.28E+01 kg CO2 eq/m2. The declared unit is 1 m2 of 4 mm glass.,False,False,False
EPD-IES-0021267:002,Average Cold rolled closed annealed coil,Steel & Metal,Tata Steel Limited,Construction products,Global,India,3250.0,kg CO2eq/tonne,1 tonne,A1-A3,EPD International AB,2025.0,2030.0,https://www.environdec.com/library/epd21267,HIGH,GWP value converted from 3.25E+03 kg CO2 eq. per 1 Tonne.,False,False,False
EPD-IES-0021268:002,Average Galvanised Steel,Steel & Metal,Tata Steel Limited,Construction products,Global,India,3490.0,kg CO2eq/tonne,1 tonne,A1-A3,EPD International AB,2025.0,2030.0,https://www.environdec.com/library/epd21268,HIGH,GWP value extracted from GWP-total row for A1-A3 column. 3.49E+03 converted to 3490.0.,False,False,False
EPD-IES-0023983:001,SGG PARSOL 5 mm,Glass,Saint Gobain India Pvt. Ltd.,Construction products,India,India,18.5,kg CO2eq/m²,1 m2,A1-A3,The International EPD System,2025.0,2030.0,https://www.environdec.com/library/epd23983,HIGH,GWP value represents Climate Change - total for A1-A3 stage.,False,False,False
EPD-IES-0023989:001,SGG PARSOL 8 mm,Glass,SAINT-GOBAIN India Private Limited,Construction products,India,India,29.7,kg CO2eq/m²,1 m2,A1-A3,The International EPD System,2025.0,2030.0,https://www.environdec.com/library/epd23989,HIGH,GWP value represents Climate Change - total for A1-A3 stage.,False,False,False
EPD-IES-0024227:003,Game Changer 100% Recycled BCF Cabled Heat Set Yarn,Plastic & Polymer,AYM Syntex Limited,Construction products,Global,India,1.14,kg CO2eq/kg,1 kg,A1-A3,EPD International AB,2025.0,2030.0,https://www.environdec.com/library/epd24227,HIGH,GWP-total value for A1-A3 used.,False,False,False
EPD-IES-0022638:002,Mild Steel Pipe/Hollow Section,Steel & Metal,Nalwa Special Steel Limited,Construction products,Global,India,1580.0,kg CO2eq/tonne,1 tonne,A1-A3,EPD International AB,2025.0,2030.0,https://www.environdec.com/library/epd22638,HIGH,GWP value converted from 1.58E+03 kg CO2 eq per 1 Tonne.,False,False,False
EPD-IES-0022440:002,Aluminium Composite Panel,Aluminium,Viva Composite Panel Pvt. Ltd.,Construction products,Global,India,26.1,kg CO2eq/m²,1 m2,A1-A3,EPD International AB,2025.0,2030.0,https://www.environdec.com/library/epd22440,HIGH,"GWP-total value for A1-A3 is 2.61E+01 kg CO2 eq/m2. Declared unit is 1 m2 of ACP, 4mm thick.",False,False,False
EPD-IES-0022524:001,Portland Pozzolana Cement (PPC),Concrete & Cement,Ambuja Cements Limited,Construction products,India,India,739.0,kg CO2eq/tonne,1 tonne,A1-A3,EPD International AB,2025.0,2030.0,https://www.environdec.com/library/epd22524,HIGH,GWP value extracted from GWP-total row for A1-A3 column (7.39E+02).,False,False,False
EPD-IES-0022481:004,Penetron Admix,Concrete & Cement,Penetron Products Pvt. Ltd.,Construction products,India,India,1.03,kg CO2eq/kg,1 kg,A1-A3,EPD International AB,2025.0,2030.0,https://www.environdec.com/library/epd22481,HIGH,GWP-total value used from the results table for A1-A3.,False,False,False
EPD-IES-0022625:002,Penetron,Concrete & Cement,Penetron Products Pvt. Ltd.,Construction products,India,India,0.726,kg CO2eq/kg,1 kg,A1-A3,EPD International AB,2025.0,2030.0,https://www.environdec.com/library/epd22625,HIGH,GWP-total value used from the results table for A1-A3.,False,False,False
EPD-IES-0022523:001,Portland Pozzolana Cement (PPC),Concrete & Cement,ACC Limited,Construction products,India,India,738.0,kg CO2eq/tonne,1 tonne,A1-A3,EPD International AB,2025.0,2030.0,https://www.environdec.com/library/epd22523,HIGH,GWP value extracted from GWP-total row for A1-A3 column (7.38E+02 = 738.0).,False,False,False
EPD-IES-0020036:003,200 KVA 20.5/ 0.41 kV Transformer,Electrical & Electronics,Shirdi Sai Electricals Ltd.,Machinery & equipment,Global,India,98100.0,kg CO2eq/unit,1 piece,A1-C4,EPD International AB,2025.0,2030.0,https://www.environdec.com/library/epd20036,HIGH,The GWP value represents the total (A1-C4) for the declared unit of a single transformer.,False,False,False
EPD-IES-0020985:001,FLEXI RAISED ACCESS FLOORS,Flooring & Surfaces,AET Building Products India Private Limited,Construction products,Global,India,48.2,kg CO2eq/m²,1 m2,A1-A3,EPD International AB,2025.0,2030.0,https://www.environdec.com/library/epd20985,HIGH,GWP-total value for A1-A3 is 4.82E+01 kg CO2 eq/m2.,False,False,False
EPD-IES-0021819:002,Motor Tyre Bead (MTB) wire,Steel & Metal,Tata Steel Limited,"Metal, mineral, plastic & glass products",Global,India,3.95,kg CO2eq/kg,1 kg,A1-A3,EPD International AB,2025.0,2030.0,https://www.environdec.com/library/epd21819,HIGH,The GWP value was extracted from the results table for 1 Tonne (3.95E+03 kg CO2 eq) and converted to 1 kg by dividing by 1000.,False,False,False
EPD-IES-0020031:002,30 KVA 20.5/0.41 kV transformer,Electrical & Electronics,Shirdi Sai Electricals Ltd.,Machinery & equipment,Global,India,30500.0,kg CO2eq/unit,1 transformer,A1-C4,EPD International AB,2025.0,2030.0,https://www.environdec.com/library/epd20031,HIGH,GWP value represents the total (Upstream + Core + Downstream) as per the results table.,False,False,False
EPD-IES-0020032:002,50 KVA 1/0.41 kV transformer,Electrical & Electronics,Shirdi Sai Electricals Ltd.,Machinery & equipment,Global,India,36800.0,kg CO2eq/piece,1 piece,A1-C4,EPD International AB,2025.0,2030.0,https://www.environdec.com/library/epd20032,HIGH,The GWP value represents the total (Upstream + Core + Downstream) as reported in the environmental performance indicators table.,False,False,False
EPD-IES-0020033:002,50 KVA 20.5/0.41 kV transformer,Steel & Metal,Shirdi Sai Electricals Ltd.,Machinery & equipment,Global,India,36900.0,kg CO2eq/piece,1 piece,A1-C4,EPD International AB,2025.0,2030.0,https://www.environdec.com/library/epd20033,HIGH,The GWP value represents the total (A1-C4) as provided in the results table. The declared unit is a single piece of transformer.,False,False,False
EPD-IES-0020034:002,100 KVA 20.5/ 0.41 kV Transformer,Electrical & Electronics,Shirdi Sai Electricals Ltd.,Machinery & equipment,Global,India,60600.0,kg CO2eq/piece,1 piece,A1-C4,EPD International AB,2025.0,2030.0,https://www.environdec.com/library/epd20034,HIGH,The GWP value represents the total (Upstream + Core + Downstream) as per the results table.,False,False,False
EPD-IES-0020035:002,200 KVA 1/0.41 kV transformer,Electrical & Electronics,Shirdi Sai Electricals Ltd.,Machinery & equipment,Global,India,110000.0,kg CO2eq/piece,1 piece,A1-C4,EPD International AB,2025.0,2030.0,https://www.environdec.com/library/epd20035,HIGH,GWP value represents the total (Upstream + Core + Downstream) for the declared unit of one transformer over a 35-year service life.,False,False,False
EPD-IES-0021476:001,ERW Steel Pipes/ERW Galvanized Steel Pipes,Steel & Metal,Shri Bajrang Power and Ispat Limited,Construction products,India,India,1570.0,kg CO2eq/tonne,1 tonne,A1-A3,EPD International AB,2025.0,2030.0,https://www.environdec.com/library/epd21476,HIGH,GWP value 1.57E+03 converted to 1570.0. Declared unit is 1 tonne (1000 kg).,False,False,False
EPD-IES-0007405:001,Ground Granulated Blast Furnace Slag (GGBS),Concrete & Cement,JSW Cement Limited,Construction products,India,India,68.96,kg CO2eq/tonne,1 tonne,A1-A3,EPD International AB,2025.0,2030.0,https://www.environdec.com/library/epd7405,HIGH,The declared unit is 1 tonne (1000 kg) of GGBS.,False,False,False
EPD-IES-0007759:001,Ground Granulated Blast Furnace Slag (GGBS) and Microfine GGBS,Concrete & Cement,JSW Cement Limited,Construction products,India,India,107.7,kg CO2eq/tonne,1 tonne,A1-A3,EPD International AB,2025.0,2030.0,https://www.environdec.com/library/epd7759,HIGH,"The GWP-GHG value of 107.7 kg CO2 eq. is for the A1-A3 life cycle stage. The declared unit is 1 tonne of GGBS and its variant Microfine GGBS. The GWP-GHG value includes a specific note about A1 module impact due to secondary material, GBFS, accounting for 52.53% of the total GWP-GHG(A1-A3) impact.",False,False,False
EPD-IES-0021266:001,Average Steel slab,Steel & Metal,Tata Steel Limited,Construction products,Global,India,2450.0,kg CO2eq/tonne,1 tonne,A1-A3,EPD International AB,2025.0,2030.0,https://www.environdec.com/library/epd21266,HIGH,GWP value 2.45E+03 converted from 1 tonne to 2450.0 kg CO2 eq/tonne.,False,False,False
EPD-IES-0017633:003,Rockinsul RB Slab,Insulation,"Saint Gobain India Pvt Ltd, Insulation Division",Construction products,Asia,India,4.3,kg CO2eq/m²,1 m2,A1-A3,EPD International AB,2025.0,2030.0,https://www.environdec.com/library/epd17633,HIGH,The declared unit is 1 m2 of mineral wool with a thickness of 50 mm. GWP value refers to Climate Change (total) for A1-A3.,False,False,False
EPD-IES-0021337:001,High Pressure Laminates (HPL) - Compact Panels,Plastic & Polymer,Century Panels Limited,Construction products,Global,India,1.49,kg CO2eq/kg,1 kg,A1-A3,EPD International AB,2025.0,2030.0,https://www.environdec.com/library/epd21337,HIGH,GWP value represents GWP-total for A1-A3 as per the results table.,False,False,False
EPD-IES-0018119:001,Deep Groove Ball Bearing 6010,Steel & Metal,National Engineering Industries Ltd,Machinery & equipment,Global,India,2.67,kg CO2eq/kg,1 kg,A1-A3,EPD International AB,2025.0,2030.0,https://www.environdec.com/library/epd18119,HIGH,"The GWP value 2.67 represents the Upstream (1.82) + Core (0.856) stages, which constitute A1-A3.",False,False,False
EPD-IES-0018154:001,Double Row Angular Contact Ball Bearing AU0754-2LXL,Steel & Metal,National Engineering Industries Ltd,Machinery & equipment,Global,India,2.73,kg CO2eq/unit,1 unit,A1-A3,EPD International AB,2025.0,2030.0,https://www.environdec.com/library/epd18154,HIGH,GWP value calculated as sum of Upstream (2.16E+00) and Core (5.73E-01) stages for A1-A3.,False,False,False
EPD-IES-0018184:001,Cylindrical Roller Bearing TS2 NU2236,Steel & Metal,National Engineering Industries Ltd,Machinery & equipment,Global,India,487.0,kg CO2eq/unit,1 product,A1-A3,EPD International AB,2025.0,2030.0,https://www.environdec.com/library/epd18184,HIGH,"The GWP value is the sum of Upstream (1.63E+02), Core (3.22E+02), and Downstream (7.28E-01) fossil GWP, totaling 487.0 kg CO2 eq per product.",False,False,False
EPD-IES-0017974:001,Tapered Roller Bearing 33022,Steel & Metal,National Engineering Industries Ltd.,Machinery & equipment,Global,India,15.35,kg CO2eq/unit,1 unit,A1-A3,EPD International AB,2025.0,2030.0,https://www.environdec.com/library/epd17974,HIGH,GWP value calculated as sum of Upstream (1.08E+01) and Core (4.55E+00) stages for A1-A3.,False,False,False
EPD-IES-0018138:001,Unitized Taper Roller Bearing N1764XAT2XLLX,Steel & Metal,National Engineering Industries Ltd,Machinery & equipment,Global,India,53.6,kg CO2eq/unit,1 unit,A1-A3,EPD International AB,2025.0,2030.0,https://www.environdec.com/library/epd18138,HIGH,The GWP value is the sum of Upstream (37.2) and Core (16.4) stages as per the A1-A3 requirement.,False,False,False
EPD-IES-0018239:001,Cartridge Taper Roller Bearing 6X11 Class E,Steel & Metal,National Engineering Industries Ltd,Machinery & equipment,Global,India,154.3,kg CO2eq/unit,1 unit,A1-A3,EPD International AB,2025.0,2030.0,https://www.environdec.com/library/epd18239,HIGH,"The GWP value for A1-A3 is calculated as the sum of Upstream (113) and Core (41.3) stages, totaling 154.3 kg CO2 eq per unit.",False,False,False
EPD-IES-0018019:001,Cylindrical Roller Bearing NUP310N,Steel & Metal,National Engineering Industries Ltd,Machinery & equipment,Global,India,9.17,kg CO2eq/kg,1 kg,A1-A3,EPD International AB,2025.0,2030.0,https://www.environdec.com/library/epd18019,HIGH,The GWP value represents the total (Upstream + Core + Downstream) as per the results table. The declared unit is 1 kg based on the product composition total.,False,False,False
EPD-IES-0005241:002,Grinding Media (Steel Balls),Steel & Metal,JSW Steel Limited,"Metal, mineral, plastic & glass products",Global,India,3650.0,kg CO2eq/tonne,1 tonne,A1-A3,EPD International AB,2025.0,2030.0,https://www.environdec.com/library/epd5241,HIGH,The GWP value 3.65E+03 kg CO2 eq per tonne was converted to 3650.0 kg CO2 eq per tonne for consistency.,False,False,False
EPD-IES-0004977:002,Hot Dip Galvanized Pole and High Mast,Steel & Metal,Skipper Limited,Construction products,Global,India,3190.0,kg CO2eq/tonne,1 tonne,A1-A3,EPD International AB,2025.0,2030.0,https://www.environdec.com/library/epd4977,HIGH,The GWP value is the 'GWP- total' for the A1-A3 stage.,False,False,False
EPD-IES-0004995:002,Hot Dip Galvanized Steel Tower,Steel & Metal,Skipper Limited,Construction products,Global,India,3370.0,kg CO2eq/tonne,1 tonne,A1-A3,EPD International AB,2025.0,2030.0,https://www.environdec.com/library/epd4995,HIGH,,False,False,False
EPD-IES-0016396:001,Keraflex Easy S1 Grey Zero,Concrete & Cement,Mapei Construction Product India Ltd.,Construction products,India,India,0.493,kg CO2eq/kg,1 kg,A1-A3,The International EPD System,2025.0,2030.0,https://www.environdec.com/library/epd16396,HIGH,GWP value converted from 4.93E-01 kg CO2 eq.,False,False,False
EPD-IES-0016397:002,Keraflex Easy S1 White Zero,Concrete & Cement,Mapei Construction Product India Ltd.,Construction products,India,India,0.559,kg CO2eq/kg,1 kg,A1-A3,EPD International AB,2025.0,2030.0,https://www.environdec.com/library/epd16397,HIGH,GWP value converted from 5.59E-01,False,False,False
EPD-IES-0012055:005,Indowud NFC Board,Plastic & Polymer,Indowud NFC Private Limited,Construction products,Global,India,830.0,kg CO2eq/tonne,1000 kg,A1-A3,EPD International AB,2024.0,2030.0,https://www.environdec.com/library/epd12055,HIGH,GWP value extracted from the 'GWP – total' row for A1-A3 column. The declared unit is 1000kg.,False,False,False
EPD-IES-0020175:001,"Screws, nuts and accessories",Steel & Metal,GDPA Fasteners,Construction products,India,India,1.71,kg CO2eq/kg,1 kg,A1-A3,EPD International AB,2025.0,2030.0,https://www.environdec.com/library/epd20175,HIGH,GWP value represents the total for A1-A3 as stated in the environmental performance results table.,False,False,False
EPD-IES-0017973:001,Tapered Roller Bearing 32309XA,Steel & Metal,National Engineering Industries Ltd,Machinery & equipment,Global,India,8.76,kg CO2eq/unit,1 unit,A1-A3,EPD International AB,2025.0,2030.0,https://www.environdec.com/library/epd17973,HIGH,The GWP value represents the total for A1-A3 (Upstream + Core). The declared unit is one bearing (weight 1.357 kg).,False,False,False
EPD-IES-0020327:001,Sleek Partition,Aluminium,Saint-Gobain India Pvt. Ltd,Construction products,India,India,26.4,kg CO2eq/kg,1 kg,A1-A3,The International EPD System,2025.0,2030.0,https://www.environdec.com/library/epd20327,HIGH,GWP value represents Climate Change - total for A1-A3 (2.64E+01),False,False,False
EPD-IES-0020329:001,Sleek Partition,Aluminium,Saint-Gobain India Pvt. Ltd,Construction products,India,India,26.9,kg CO2eq/kg,1 kg,A1-A3,The International EPD System,2025.0,2030.0,https://www.environdec.com/library/epd20329,HIGH,GWP value represents Climate Change - total for A1-A3 (2.69E+01),False,False,False
EPD-IES-0020172:001,SomaniPly Plywood,Timber & Wood,Ecowood Exports Private Limited,Construction products,India,India,-415.0,kg CO2eq/m³,1 m3,A1-A3,EPD International AB,2025.0,2030.0,https://www.environdec.com/library/epd20172,HIGH,GWP-total value for A1-A3 is -4.15E+02 kgCO2e per 1m3.,True,False,False
EPD-IES-0005242:002,Smart PIR Panel,Insulation,Asawa Insulation Pvt. Ltd.,Construction products,Global,India,8.95,kg CO2eq/m²,1 m2 Smart PIR Panel with 20 mm Thickness,A1-A3,EPD International AB,2025.0,2030.0,https://www.environdec.com/library/epd5242,HIGH,The GWP value is for GWP-total. The declared unit includes thickness.,False,False,False
EPD-IES-0019902:002,SGG MIRA 5mm,Glass,Saint-Gobain India Pvt. Ltd,Construction products,India,India,19.6,kg CO2eq/m²,1 m2,A1-A3,The International EPD System,2025.0,2030.0,https://www.environdec.com/library/epd19902,HIGH,GWP value extracted from the Climate Change [kg CO2 eq.] row for A1-A3 column (1.96E+01).,False,False,False
EPD-IES-0019900:002,SGG Planilaque on Planilux 6mm,Glass,Saint-Gobain India Pvt. Ltd,Construction products,India,India,20.2,kg CO2eq/m²,1 m2,A1-A3,The International EPD System,2025.0,2030.0,https://www.environdec.com/library/epd19900,HIGH,GWP value 2.02E+01 converted to 20.2. Declared unit is 1 m2.,False,False,False
EPD-IES-0019899:002,SGG Planilaque on Planilux 5mm,Glass,Saint-Gobain India Pvt. Ltd,Construction products,India,India,17.0,kg CO2eq/m²,1 m2,A1-A3,The International EPD System,2025.0,2030.0,https://www.environdec.com/library/epd19899,HIGH,"GWP value extracted from the Climate Change (total) row for A1-A3, 1.70E+01 = 17.0.",False,False,False
EPD-IES-0019897:002,SGG Planilaque on Planilux 4mm,Glass,Saint-Gobain India Pvt. Ltd,Construction products,India,India,13.5,kg CO2eq/m²,1 m2,A1-A3,The International EPD System,2025.0,2030.0,https://www.environdec.com/library/epd19897,HIGH,GWP value extracted from the Climate Change row for A1-A3 column (1.35E+01).,False,False,False
EPD-IES-0010024:002,Smart Ducting System,Insulation,Asawa Insulation Pvt. Ltd.,Construction products,Global,India,11.2,kg CO2eq/m²,1 m2,A1-A3,EPD International AB,2025.0,2030.0,https://www.environdec.com/library/epd10024,HIGH,GWP value represents GWP-total for 20mm thickness. Declared unit is 1 m2.,False,False,False
EPD-IES-0018412:001,DN600 Ductile Iron Pipe,Steel & Metal,Jindal SAW Limited,Construction products,Global,India,1230.0,kg CO2eq/tonne,1 ton,A1-A3,EPD International AB,2025.0,2030.0,https://www.environdec.com/library/epd18412,HIGH,GWP-total value for A1-A3 is 1.23E+03 kg CO2 eq per 1 ton.,False,False,False
EPD-IES-0016558:001,Hot Rolled Coils,Steel & Metal,Jindal Steel Odisha Ltd.,Construction products,Global,India,1530.0,kg CO2eq/tonne,1 t,A1-A3,EPD International AB,2025.0,2030.0,https://www.environdec.com/library/epd16558,HIGH,GWP value 1.53E+03 converted to 1530.0 per 1 tonne.,False,False,False
EPD-IES-0018411:001,Ductile Iron Pipe (DN 1200),Steel & Metal,Jindal SAW Limited,Construction products,Global,India,1180.0,kg CO2eq/m,1 m,A1-A3,EPD International AB,2025.0,2030.0,https://www.environdec.com/library/epd18411,HIGH,GWP value 1.18E+03 converted to 1180.0. Declared unit is 1m of pipe.,False,False,False
EPD-IES-0018410:001,Ductile Iron Pipe (DN 1100),Steel & Metal,Jindal SAW Limited,Construction products,Global,India,1010.0,kg CO2eq/m,1 m,A1-A3,EPD International AB,2025.0,2030.0,https://www.environdec.com/library/epd18410,HIGH,GWP value 1.01E+03 converted to 1010.0. Declared unit is 1m of pipe.,False,False,False
EPD-IES-0018409:001,Ductile Iron Pipe DN 1000,Steel & Metal,Jindal SAW Limited,Construction products,Global,India,839.0,kg CO2eq/m,1 m,A1-A3,EPD International AB,2025.0,2030.0,https://www.environdec.com/library/epd18409,HIGH,GWP value extracted from GWP-total row for A1-A3 column (8.39E+02).,False,False,False
EPD-IES-0018408:001,Ductile Iron Pipe (DN 900),Steel & Metal,Jindal SAW Limited,Construction products,Global,India,690.0,kg CO2eq/m,1 m,A1-A3,EPD International AB,2025.0,2030.0,https://www.environdec.com/library/epd18408,HIGH,GWP value extracted from the 'GWP-total' row for A1-A3 (6.90E+02).,False,False,False
EPD-IES-0018407:001,Ductile Iron Pipe DN 800,Steel & Metal,Jindal SAW Limited,Construction products,Global,India,556.0,kg CO2eq/m,1 m,A1-A3,EPD International AB,2025.0,2030.0,https://www.environdec.com/library/epd18407,HIGH,GWP value extracted from the 'GWP-total' row for A1-A3. The value 5.56E+02 is equivalent to 556.0.,False,False,False
EPD-IES-0018406:001,Ductile Iron Pipe (DN 750),Steel & Metal,Jindal SAW Limited,Construction products,Global,India,521.0,kg CO2eq/m,1 m,A1-A3,EPD International AB,2025.0,2030.0,https://www.environdec.com/library/epd18406,HIGH,GWP value extracted from the 'GWP-total' row for A1-A3 (5.21E+02).,False,False,False
EPD-IES-0018405:001,Ductile Iron Pipe (DN 700),Steel & Metal,Jindal SAW Limited,Construction products,Global,India,445.0,kg CO2eq/m,1 m,A1-A3,EPD International AB,2025.0,2030.0,https://www.environdec.com/library/epd18405,HIGH,GWP value extracted from the 'Potential environmental impact' table for A1-A3 (4.45E+02).,False,False,False
EPD-IES-0018404:001,Ductile Iron Pipe DN 600,Steel & Metal,Jindal SAW Limited,Construction products,Global,India,373.0,kg CO2eq/m,1 m,A1-A3,EPD International AB,2025.0,2030.0,https://www.environdec.com/library/epd18404,HIGH,GWP value extracted from the 'GWP-total' row for A1-A3. The value 3.73E+02 corresponds to 373.0.,False,False,False
EPD-IES-0018403:001,Ductile Iron Pipe (DN 500),Steel & Metal,Jindal SAW Limited,Construction products,Global,India,269.0,kg CO2eq/m,1 m,A1-A3,EPD International AB,2025.0,2030.0,https://www.environdec.com/library/epd18403,HIGH,GWP value extracted from the 'GWP-total' row for A1-A3 (2.69E+02).,False,False,False
EPD-IES-0018402:001,Ductile Iron Pipe (DN 450),Steel & Metal,Jindal SAW Limited,Construction products,Global,India,225.0,kg CO2eq/m,1 m,A1-A3,EPD International AB,2025.0,2030.0,https://www.environdec.com/library/epd18402,HIGH,GWP value extracted from the 'GWP-total' row for A1-A3 column (2.25E+02).,False,False,False
EPD-IES-0018401:001,Ductile Iron Pipe (DN 400),Steel & Metal,Jindal SAW Limited,Construction products,Global,India,190.0,kg CO2eq/m,1 m,A1-A3,EPD International AB,2025.0,2030.0,https://www.environdec.com/library/epd18401,HIGH,GWP value extracted from the 'GWP-total' row for A1-A3. The declared unit is 1m of pipe.,False,False,False
EPD-IES-0018400:001,Ductile Iron Pipe (DN 350),Steel & Metal,Jindal SAW Limited,Construction products,Global,India,161.0,kg CO2eq/m,1 m,A1-A3,EPD International AB,2025.0,2030.0,https://www.environdec.com/library/epd18400,HIGH,GWP value extracted from the 'Potential environmental impact' table for A1-A3 (1.61E+02).,False,False,False
EPD-IES-0018399:001,Ductile Iron Pipe (DN300),Steel & Metal,Jindal SAW Limited,Construction products,Global,India,136.0,kg CO2eq/m,1 m,A1-A3,EPD International AB,2025.0,2030.0,https://www.environdec.com/library/epd18399,HIGH,GWP value extracted from the 'GWP-total' row for A1-A3. The value 1.36E+02 corresponds to 136.0.,False,False,False
EPD-IES-0018398:001,Ductile Iron Pipe (DN 250),Steel & Metal,Jindal SAW Limited,Construction products,Global,India,101.0,kg CO2eq/m,1 m,A1-A3,EPD International AB,2025.0,2030.0,https://www.environdec.com/library/epd18398,HIGH,GWP value 1.01E+02 converted to 101.0. Declared unit is 1m of pipe.,False,False,False
EPD-IES-0018397:001,Ductile Iron Pipe (DN 200),Steel & Metal,Jindal SAW Limited,Construction products,Global,India,35.6,kg CO2eq/m,1 m,A1-A3,EPD International AB,2025.0,2030.0,https://www.environdec.com/library/epd18397,HIGH,GWP-total value for A1-A3 is 3.56E+01 kg CO2 eq per 1m.,False,False,False
EPD-IES-0018396:001,Ductile Iron Pipe DN 150,Steel & Metal,Jindal SAW Limited,Construction products,Global,India,26.1,kg CO2eq/m,1 m,A1-A3,EPD International AB,2025.0,2030.0,https://www.environdec.com/library/epd18396,HIGH,GWP value represents GWP-total for A1-A3 as per the environmental performance table.,False,False,False
EPD-IES-0018395:001,Ductile Iron Pipe (DN 125),Steel & Metal,Jindal SAW Limited,Construction products,Global,India,25.8,kg CO2eq/m,1 m,A1-A3,EPD International AB,2025.0,2030.0,https://www.environdec.com/library/epd18395,HIGH,GWP value taken from GWP-total row for A1-A3.,False,False,False
EPD-IES-0008990:001,Ductile Iron Pipe (DN 100),Steel & Metal,Jindal SAW Limited,Construction products,Global,India,17.3,kg CO2eq/m,1m,A1-A3,EPD International AB,2025.0,2030.0,https://www.environdec.com/library/epd8990,HIGH,GWP value is for GWP-GHG indicator. The table 'Potential environmental impact – mandatory indicators according to EN 15804:2012+A2:2019/AC:2021' shows GWP-total as 1.76E+01 kg CO2 eq for A1-A3. The table 'Potential environmental impact-additional mandatory' shows GWP - GHG as 1.73E+01 kg CO2 eq for A1-A3. Using the latter as it is more specific.,False,False,False
EPD-IES-0009004:001,Ductile Iron Pipe (DN 80),Steel & Metal,Jindal SAW Limited,Construction products,Global,India,14.4,kg CO2eq/m,1 m,A1-A3,EPD International AB,2025.0,2030.0,https://www.environdec.com/library/epd9004,HIGH,GWP value represents GWP-total for A1-A3 as per the environmental performance table.,False,False,False
EPD-IES-0017243:001,Hilux Calcium Silicate Board (CSB),Fibre Cement & Boards,Ramco Industries Limited,Construction products,Global,India,5.23,kg CO2eq/m²,1 m2,A1-A3,EPD International AB,2025.0,2030.0,https://www.environdec.com/library/epd17243,HIGH,GWP-total value for A1-A3 is 5.23E+00 kg CO2 eq/m2.,False,False,False
EPD-IES-0017246:001,Greencor- Non-Asbestos Corrugated sheet,Fibre Cement & Boards,Ramco Industries Limited,Construction products,Global,India,7.06,kg CO2eq/m²,1 m2,A1-A3,EPD International AB,2025.0,2030.0,https://www.environdec.com/library/epd17246,HIGH,GWP-total value for A1-A3 used as the primary GWP indicator.,False,False,False
EPD-IES-0017242:001,Hicem Fiber Cement board,Concrete & Cement,Ramco Industries Limited,Construction products,Global,India,7.06,kg CO2eq/m²,1 m2,A1-A3,EPD International AB,2025.0,2030.0,https://www.environdec.com/library/epd17242,HIGH,GWP value represents GWP-total for A1-A3 as per the results table.,False,False,False
EPD-IES-0017245:001,HiluxLite- Ultra Light Ceiling Tile,Fibre Cement & Boards,Ramco Industries Limited,Construction products,Global,India,7.39,kg CO2eq/m²,1 m2,A1-A3,EPD International AB,2025.0,2030.0,https://www.environdec.com/library/epd17245,HIGH,GWP value represents GWP-total for A1-A3.,False,False,False
EPD-IES-0017244:001,Hiden- High Density Fiber Cement Board,Concrete & Cement,Ramco Industries Limited,Construction products,Global,India,11.5,kg CO2eq/m²,1 m2,A1-A3,EPD International AB,2025.0,2030.0,https://www.environdec.com/library/epd17244,HIGH,GWP value represents GWP-fossil for A1-A3. Total GWP (fossil + biogenic + luluc) for A1-A3 is 8.90E+00.,False,False,False
EPD-IES-0016931:002,Bi-55-(520-550 Wp) Glass to Glass Bifacial Module,Solar & Energy,Waaree Energies Limited,Construction products,Global,India,0.447,kg CO2eq/Wp,1 Wp,A1-A3,EPD International AB,2024.0,2029.0,https://www.environdec.com/library/epd16931,HIGH,The GWP value is for A1-A3 and is reported as 4.47E-01 kg CO2 eq per 1 Wp.,False,False,False
EPD-IES-0016932:002,BiN-08-(565-600 Wp) Glass to Glass Bifacial TOPCon Module,Solar & Energy,Waaree Energies Limited,Construction products,Global,India,0.372,kg CO2eq/Wp,1 Wp,A1-A3,EPD International AB,2024.0,2029.0,https://www.environdec.com/library/epd16932,HIGH,The GWP value is for A1-A3 per 1 Wp. The declared unit is 1 Wp.,False,False,False
EPD-IES-0008168:005,JSP’s TMT Rebar (100% Recycled Scrap),Steel & Metal,Jindal Steel & Power,Construction products,Global,India,445.0,kg CO2eq/tonne,1 metric ton,A1-A3,EPD International - AB,2024.0,2029.0,https://www.environdec.com/library/epd8168,HIGH,GWP value extracted from GWP-total row for A1-A3 (4.45E+02 = 445.0). Declared unit is 1 metric ton.,False,False,False
EPD-IES-0015506:005,JSP’s Steel Plate (100% Recycled Scrap),Steel & Metal,Jindal Steel & Power,Construction products,Global,India,450.0,kg CO2eq/tonne,1 metric ton,A1-A3,EPD International AB,2024.0,2029.0,https://www.environdec.com/library/epd15506,HIGH,GWP value extracted from GWP-total row for A1-A3. 4.50E+02 equals 450.0.,False,False,False
EPD-IES-0015661:001,U-Flex Structural Ceiling & Partition Systems,Aluminium,United Office Systems Pvt. Ltd. (Unitile India),Construction products,Global,India,25.9,kg CO2eq/kg,1 kg,A1-A3,EPD International AB,2024.0,2029.0,https://www.environdec.com/library/epd15661,HIGH,GWP-total value for A1-A3 is 2.59E+01 kg CO2 eq/kg.,False,False,False
EPD-IES-0016083:002,"Ductile and grey iron manhole cover, grate and frame",Steel & Metal,R.B.Agarwalla & Co.,Construction products,Global,India,1.66,kg CO2eq/kg,1 kg,A1-A3,EPD International AB,2024.0,2029.0,https://www.environdec.com/library/epd16083,HIGH,GWP value represents GWP-total for A1-A3.,False,False,False
EPD-IES-0006068:001,Ferro Chrome,Steel & Metal,Tata Steel Limited,Construction products,India,India,5310.0,kg CO2eq/tonne,1 tonne,A1-A3,EPD International AB,2024.0,2029.0,https://www.environdec.com/library/epd6068,HIGH,GWP-total value used. The declared unit is '1 tonne' but the GWP value is per tonne.,False,False,False
EPD-IES-0017630:001,RB Slabs,Insulation,"Saint Gobain India Pvt Ltd, Insulation Division",Construction products,India,India,3.42,kg CO2eq/m²,1 m2,A1-A3,EPD International AB,2024.0,2029.0,https://www.environdec.com/library/epd17630,HIGH,GWP value represents Climate Change (fossil) for A1-A3. Declared unit is 1 m2 of stonewool with thermal resistance of 1.42 K.m2.W-1.,False,False,False
EPD-IES-0017631:001,RB Slab 160 kg/m3,Insulation,"Saint Gobain India Pvt Ltd, Insulation Division",Construction products,Asia,India,11.1,kg CO2eq/m²,1 m2,A1-A3,EPD International AB,2024.0,2029.0,https://www.environdec.com/library/epd17631,HIGH,GWP value 1.11E+01 converted to 11.1. Declared unit is 1 m2 of mineral wool with thermal resistance of 1.38 m2.K.W-1 for a thickness of 50 mm.,False,False,False
EPD-IES-0016507:003,"Average ductile and grey iron manhole cover, channel gratings and pipe fittings",Steel & Metal,Global Castings Pvt. Ltd.,Construction products,Global,India,2.99,kg CO2eq/kg,1 kg,A1-A3,EPD International AB,2024.0,2029.0,https://www.environdec.com/library/epd16507,HIGH,GWP-total value for A1-A3 used.,False,False,False
EPD-IES-0015660:001,Unitile Steel Cementitious Panel (USF),Steel & Metal,United Office Systems Pvt. Ltd. (Unitile India),Construction products,Global,India,54.4,kg CO2eq/m²,1 m2,A1-A3,EPD International AB,2024.0,2029.0,https://www.environdec.com/library/epd15660,HIGH,GWP-total value for A1-A3 used (5.44E+01). Declared unit is 1 m2.,False,False,False
EPD-IES-0015662:001,Unitile Calcium Sulphate Panel (UCS),Flooring & Surfaces,United Office Systems Pvt Ltd (Unitile India),Construction products,Global,India,41.1,kg CO2eq/m²,1 m2,A1-A3,EPD International AB,2024.0,2029.0,https://www.environdec.com/library/epd15662,HIGH,GWP-total value for A1-A3 used as primary GWP indicator.,False,False,False
EPD-IES-0016478:001,Steel Plates,Steel & Metal,Jindal Steel & Power,Construction products,Global,India,1650.0,kg CO2eq/tonne,1 tonne,A1-A3,EPD International AB,2024.0,2029.0,https://www.environdec.com/library/epd16478,HIGH,GWP value 1.65E+03 converted from 1 tonne to 1000 kg basis.,False,False,False
EPD-IES-0016401:002,High Pressure Laminate,Plastic & Polymer,Merino Industries Limited,Construction products,Global,India,0.522,kg CO2eq/m²,1 m2,A1-A3,EPD International AB,2024.0,2029.0,https://www.environdec.com/library/epd16401,HIGH,The GWP value for A1-A3 is 5.22E-01 kg CO2 eq per 1 m2 of 1 mm HPL.,False,False,False
EPD-IES-0016404:002,Compact Laminate,Plastic & Polymer,Merino Industries Limited,Construction products,India,India,3.51,kg CO2eq/m²,1 m2,A1-A3,EPD International AB,2024.0,2029.0,https://www.environdec.com/library/epd16404,HIGH,Declared unit is 1 m2 of Compact of 6 mm thickness.,False,False,False
EPD-IES-0016326:001,"XLPE Thermal Insulation Products (Sheets, Tubes and Acoustics)",Insulation,ALP Aeroflex India Pvt LTD,Construction products,Global,India,6.65,kg CO2eq/kg,1 kg,A1-A3,EPD International AB,2024.0,2029.0,https://www.environdec.com/library/epd16326,HIGH,GWP value taken from GWP-total row for A1-A3.,False,False,False
EPD-IES-0012007:001,Steel Hot Rolled Coils,Steel & Metal,ArcelorMittal Nippon Steel India Limited,Construction products,India,India,2580.0,kg CO2eq/tonne,1 tonne,A1-A3,EPD International AB,2024.0,2029.0,https://www.environdec.com/library/epd12007,HIGH,GWP value 2.58E+03 converted to 2580.0 for 1 tonne.,False,False,False
EPD-IES-0012008:001,Average Hot Rolled Pickled and Oiled (HRPO) Steel,Steel & Metal,ArcelorMittal Nippon Steel India Limited,Construction products,India,India,2680.0,kg CO2eq/tonne,1 tonne,A1-A3,EPD International AB,2024.0,2029.0,https://www.environdec.com/library/epd12008,HIGH,GWP value extracted from GWP-total row for A1-A3 column. 2.68E+03 converted to 2680.0.,False,False,False
EPD-IES-0012009:001,Average Cold Rolled Closed Annealed / Cold Rolled Full Hard Steel,Steel & Metal,ArcelorMittal Nippon Steel India Limited,Construction products,India,India,2790.0,kg CO2eq/tonne,1 Tonne,A1-A3,EPD International AB,2024.0,2029.0,https://www.environdec.com/library/epd12009,HIGH,GWP value 2.79E+03 converted from 1 Tonne to 1000 kg basis. 2.79E+03 = 2790.0 kg CO2 eq. per tonne.,False,False,False
EPD-IES-0012010:001,Steel Plates,Steel & Metal,ArcelorMittal Nippon Steel India Limited,Construction products,India,India,3010.0,kg CO2eq/tonne,1 tonne,A1-A3,EPD International AB,2024.0,2029.0,https://www.environdec.com/library/epd12010,HIGH,GWP value 3.01E+03 converted to 3010.0 for 1 tonne.,False,False,False
EPD-IES-0012011:001,Average Galvanized Iron / Pre-Painted Galvanized Iron,Steel & Metal,ArcelorMittal Nippon Steel India Limited,Construction products,India,India,3020.0,kg CO2eq/tonne,1 tonne,A1-A3,EPD International AB,2024.0,2029.0,https://www.environdec.com/library/epd12011,HIGH,GWP value 3.02E+03 converted from 1 tonne to 1000 kg unit. 3.02E+03 = 3020.,False,False,False
EPD-IES-0012012:001,Steel Pipes,Steel & Metal,ArcelorMittal Nippon Steel India Limited,Construction products,India,India,3210.0,kg CO2eq/tonne,1 tonne,A1-A3,EPD International AB,2024.0,2029.0,https://www.environdec.com/library/epd12012,HIGH,GWP value 3.21E+03 converted from 1 tonne to 1000 kg basis.,False,False,False
EPD-IES-0005280:002,SGG PLANILUX® 5 mm,Glass,Saint-Gobain India Pvt. Ltd,Construction products,India,India,16.1,kg CO2eq/m²,1 m2,A1-A3,The International EPD® System,2024.0,2029.0,https://www.environdec.com/library/epd5280,HIGH,GWP value represents Climate Change (total) for A1-A3. The functional unit is 1 m2 of 5 mm glass.,False,False,False
EPD-IES-0005466:002,SGG PLANILUX® 8 mm,Glass,SAINT-GOBAIN INDIA PRIVATE LIMITED,Construction products,India,India,25.9,kg CO2eq/m²,1 m2,A1-A3,The International EPD® System,2024.0,2029.0,https://www.environdec.com/library/epd5466,HIGH,GWP value represents Climate Change (total) for A1-A3. The value 2.59E+01 was converted to 25.9.,False,False,False
EPD-IES-0006219:002,SGG PLANILUX® 10 mm,Glass,Saint-Gobain India Pvt. Ltd,Construction products,India,India,32.4,kg CO2eq/m²,1 m2,A1-A3,The International EPD® System,2024.0,2029.0,https://www.environdec.com/library/epd6219,HIGH,GWP value represents Climate Change (total) for modules A1-A3 as 3.24E+01 kg CO2 eq per 1 m2.,False,False,False
EPD-IES-0006878:002,Magnetron Coated Glass on SGG PLANILUX® 5 mm,Glass,Saint-Gobain India Private Limited,Construction products,India,India,17.2,kg CO2eq/m²,1 m2,A1-A3,The International EPD® System,2024.0,2029.0,https://www.environdec.com/library/epd6878,HIGH,"The GWP value is for the ""Climate Change (fossil)"" indicator within the A1-A3 stage, which is explicitly mentioned as ""GHG [kg CO2 eq.]"" in the ""Carbon Footprint"" section.",False,False,False
EPD-IES-0006879:002,Magnetron Coated Glass (SGG PLANILUX®),Glass,Saint-Gobain India Pvt. Ltd,Construction products,India,India,33.7,kg CO2eq/m²,1 m2,A1-A3,The International EPD® System,2024.0,2029.0,https://www.environdec.com/library/epd6879,HIGH,GWP value represents the sum of A1-A3 stages (3.37E+01 kg CO2 eq/m2). Declared unit is 1 m2 of 10mm glass.,False,False,False
EPD-IES-0006880:002,Magnetron Coated Glass on SGG PARSOL,Glass,Saint-Gobain India Pvt. Ltd,Construction products,India,India,19.1,kg CO2eq/m²,1 m2,A1-A3,The International EPD System,2024.0,2029.0,https://www.environdec.com/library/epd6880,HIGH,GWP value represents Climate Change (total) for A1-A3 modules.,False,False,False
EPD-IES-0014544:002,Bricks,Brick & Masonry,Jay Jalaram Brick Works,Construction products,Global,India,80.5,kg CO2eq/tonne,1 MT,A1-A3,EPD International AB,2024.0,2029.0,https://www.environdec.com/library/epd14544,HIGH,GWP value taken from GWP-total row for A1-A3 (8.05E+01). Declared unit is 1 MT (1000 kg).,False,False,False
EPD-IES-0006299:002,ORAÉ® 6 mm,Glass,Saint-Gobain India Pvt. Ltd,Construction products,India,India,7.96,kg CO2eq/m²,1 m2,A1-A3,The International EPD® System,2024.0,2029.0,https://www.environdec.com/library/epd6299,HIGH,GWP value represents Climate Change total for A1-A3. Declared unit is 1 m2 of 6 mm glass.,False,False,False
EPD-IES-0006475:002,Grey & Ductile Iron Manhole Cover,Steel & Metal,RBA Ferro Industries Private Limited,Construction products,Global,India,384.0,kg CO2eq/piece,1 piece (142 kg),A1-A3,EPD International AB,2023.0,2028.0,https://www.environdec.com/library/epd6475,HIGH,GWP value represents GWP-total for A1-A3. Declared unit is 1 piece weighing 142 kg.,False,False,False
EPD-IES-0015196:003,"Thermal Insulation Products - Elastomeric Nitrile Insulation Products (Nitrile Sheets, Tubes and Acoustics)",Insulation,ALP Aeroflex India Pvt LTD,Construction products,Global,India,4.43,kg CO2eq/kg,1 kg,A1-A3,EPD International AB,2024.0,2029.0,https://www.environdec.com/library/epd15196,HIGH,GWP value taken from GWP-total row for A1-A3.,False,False,False
EPD-IES-0012935:001,ERW Hot Dip Galvanized Steel Pipe,Steel & Metal,Garg Tube Export LLP,Construction products,India,India,3350.0,kg CO2eq/tonne,1 tonne,A1-A3,EPD International AB,2024.0,2029.0,https://www.environdec.com/library/epd12935,HIGH,GWP value 3.35E+03 converted from 1 tonne declared unit.,False,False,False
EPD-IES-0005400:003,Gyproc® XPERT+,Gypsum & Plasterboard,Saint-Gobain India Pvt. Ltd,Construction products,India,India,0.0725,kg CO2eq/kg,1 kg,A1-A3,The International EPD® System,2024.0,2029.0,https://www.environdec.com/library/epd5400,HIGH,GWP value for A1-A3 is 7.25E-02 kg CO2 eq. per 1 kg declared unit.,False,False,False
EPD-IES-0015233:003,Gyproc Elite 100,Gypsum & Plasterboard,Saint-Gobain India Pvt. Ltd,Construction products,India,India,0.0563,kg CO2eq/kg,1 kg,A1-A3,The International EPD System,2024.0,2029.0,https://www.environdec.com/library/epd15233,HIGH,GWP value for A1-A3 is 5.63E-02 kg CO2 eq. per 1 kg declared unit.,False,False,False
EPD-IES-0015234:003,Gyproc Elite -MR (Moisture Resistant) Plaster,Gypsum & Plasterboard,Saint-Gobain India Pvt. Ltd,Construction products,India,India,0.126,kg CO2eq/kg,1 kg,A1-A3,The International EPD System,2024.0,2029.0,https://www.environdec.com/library/epd15234,HIGH,GWP value for A1-A3 is 1.26E-01 kg CO2 eq/kg as per the Environmental Impacts table.,False,False,False
EPD-IES-0015184:001,ORAÉ® 4 mm,Glass,Saint-Gobain India Private Limited,Construction products,India,India,5.24,kg CO2eq/m²,1 m2,A1-A3,The International EPD® System,2024.0,2029.0,https://www.environdec.com/library/epd15184,HIGH,GWP value represents Climate Change total for A1-A3 stages.,False,False,False
EPD-IES-0013786:001,Steel Plate,Steel & Metal,JSW Steel Ltd,Construction products,India,India,3260.0,kg CO2eq/tonne,1 Tonne,A1-A3,EPD International AB,2024.0,2029.0,https://www.environdec.com/library/epd13786,HIGH,GWP value 3.26E+03 converted from 1 Tonne unit.,False,False,False
EPD-IES-0013554:001,Steel Plate,Steel & Metal,Namco Industries Pvt. Ltd.,Construction products,India,India,2970.0,kg CO2eq/tonne,1 Tonne,A1-A3,EPD International AB,2024.0,2029.0,https://www.environdec.com/library/epd13554,HIGH,GWP value 2.97E+03 converted to 2970.0 per 1 Tonne.,False,False,False
EPD-IES-0013848:002,Acoustic Modular Designer Control Room Interiors with Modular Metal Paneling / Partition and Designer Metal Ceiling,Steel & Metal,ONEPWS PRIVATE LIMITED,Construction products,Global,India,4710.0,kg CO2eq/tonne,1 ton,A1-A3,EPD International AB,2024.0,2029.0,https://www.environdec.com/library/epd13848,HIGH,GWP value extracted from the table for A1-A3 as 4.71E+03 kg CO2 eq. per 1 ton.,False,False,False
EPD-IES-0014188:001,Saltech Pavement Products,Concrete & Cement,Saltech Design Labs,Construction products,India,India,0.259,kg CO2eq/kg,1 kg,A1-A3,EPD International AB,2024.0,2029.0,https://www.environdec.com/library/epd14188,HIGH,GWP-total for A1-A3 is 2.59E-01 kgCO2 eq/kg.,False,False,False
EPD-IES-0014189:001,Saltech Slabbing Products,Concrete & Cement,Saltech Design Labs,Construction products,India,India,0.226,kg CO2eq/kg,1 kg,A1-A3,EPD International AB,2024.0,2029.0,https://www.environdec.com/library/epd14189,HIGH,GWP value represents GWP-total for A1-A3 stages. The product is a composite material used as an alternative to concrete.,False,False,False
EPD-IES-0013866:001,DB DAZZLE Raised Access Flooring,Steel & Metal,DB DAZZLE MODULAR SYSTEMS,Construction products,India,India,67.7,kg CO2eq/m²,1 m2,A1-A3,EPD International AB,2024.0,2029.0,https://www.environdec.com/library/epd13866,HIGH,GWP value taken from GWP-total row for A1-A3.,False,False,False
EPD-IES-0013756:001,TECHDRAIN- Drainage Composite,Plastic & Polymer,TECHFAB India Industries Limited,Construction products,Global,India,4.0,kg CO2eq/kg,1 kg,A1-A3,EPD International AB,2024.0,2029.0,https://www.environdec.com/library/epd13756,HIGH,GWP value represents GWP-total for A1-A3.,False,False,False
EPD-IES-0013757:001,TECHGEO - Nonwoven needle punched geotextile fabric,Plastic & Polymer,TECHFAB India Industries Limited,Construction products,Global,India,4.5,kg CO2eq/kg,1 kg,A1-A3,EPD International AB,2024.0,2029.0,https://www.environdec.com/library/epd13757,HIGH,GWP-total value used from the mandatory impact category indicators table.,False,False,False
EPD-IES-0009224:001,VDS® Fixed Partition,Steel & Metal,Saint-Gobain India PVT Ltd. – Vetrotech Business,Construction products,India,India,11.1,kg CO2eq/m,1 m,A1-A3,The International EPD® System,2024.0,2029.0,https://www.environdec.com/library/epd9224,HIGH,GWP value represents Climate Change (total) for A1-A3. Declared unit is 1 meter of installed partition.,False,False,False
EPD-IES-0011999:001,VDS Curtain Wall Partition,Steel & Metal,Saint-Gobain India PVT Ltd. – Vetrotech Business,Construction products,India,India,9.64,kg CO2eq/m,1 m,A1-A3,The International EPD System,2024.0,2029.0,https://www.environdec.com/library/epd11999,HIGH,GWP value represents Climate Change [kg CO2 eq.] for A1-A3. Declared unit is 1 m of installed partition.,False,False,False
EPD-IES-0012000:001,VDS® Curtain Wall,Steel & Metal,Saint-Gobain India PVT Ltd. – Vetrotech Business,Construction products,India,India,18.1,kg CO2eq/m,1 m,A1-A3,The International EPD® System,2024.0,2029.0,https://www.environdec.com/library/epd12000,HIGH,GWP value represents Climate Change (fossil) for A1-A3 as 1.81E+01. Declared unit is 1 meter of installed curtain wall.,False,False,False
EPD-IES-0012056:001,Gypserra Metal Framing,Steel & Metal,Saint-Gobain India Pvt. Ltd. - Gyproc,Construction products,India,India,3.03,kg CO2eq/kg,1 kg,A1-A3,EPD International AB,2024.0,2029.0,https://www.environdec.com/library/epd12056,HIGH,GWP value extracted from the 'Climate Change' row for A1-A3 in the Environmental Impacts table.,False,False,False
EPD-IES-0012018:001,TECHGRID Polymeric Coated Polyester Geogrid,Plastic & Polymer,TECHFAB India Industries Limited,Construction products,India,India,5.99,kg CO2eq/kg,1 kg,A1-A3,EPD International AB,2024.0,2029.0,https://www.environdec.com/library/epd12018,HIGH,GWP value extracted from GWP-total row for A1-A3 stage.,False,False,False
EPD-IES-0012053:001,TECHSTRAP High Strength Polymeric Geosynthetics Strips,Plastic & Polymer,TECHFAB India Industries Limited,Construction products,India,India,4.34,kg CO2eq/kg,1 kg,A1-A3,EPD International AB,2024.0,2029.0,https://www.environdec.com/library/epd12053,HIGH,GWP-total value used from A1-A3 column.,False,False,False
EPD-IES-0012054:001,TECHLINK High strength strip bonded Flexible Geogrid,Plastic & Polymer,TECHFAB India Industries Limited,Construction products,India,India,4.59,kg CO2eq/kg,1 kg,A1-A3,EPD International AB,2024.0,2029.0,https://www.environdec.com/library/epd12054,HIGH,GWP-total value used for A1-A3.,False,False,False
EPD-IES-0012017:001,Seal Coat SF 150,Chemicals & Waterproofing,Penetron Products Private Limited,Construction products,India,India,0.531133,kg CO2eq/kg,1 kg,A1-A3,EPD International AB,2024.0,2029.0,https://www.environdec.com/library/epd12017,HIGH,GWP-total value used from the mandatory impact category indicators table.,False,False,False
EPD-IES-0009820:001,Gyproc® Moisture Resistant Board (12.5mm),Gypsum & Plasterboard,Saint-Gobain India Pvt. Ltd.,Construction products,India,India,2.1,kg CO2eq/m²,1 m2,A1-A3,The International EPD® System,2024.0,2029.0,https://www.environdec.com/library/epd9820,HIGH,GWP value represents Climate Change - total for A1-A3. Declared unit is 1 m2 of installed plasterboard.,False,False,False
EPD-IES-0009821:001,Moisture Resistant Board,Gypsum & Plasterboard,Saint-Gobain India Pvt. Ltd,Construction products,India,India,4.64,kg CO2eq/m²,"1 m2 of installed plasterboard 12,5 mm with a weight of 8.52 kg/m2 and an expected average service life of 50 years",A1-A3,The International EPD® System,2024.0,2029.0,https://www.environdec.com/library/epd9821,HIGH,"The GWP value is taken from the 'Climate Change [kg CO2 eq.]' row under the 'Product stage, A1-A3' column.",False,False,False
EPD-IES-0009822:001,Gyproc® Fire-Resistant & Moisture Resistant Board,Gypsum & Plasterboard,Saint-Gobain India Pvt. Ltd.,Construction products,India,India,5.75,kg CO2eq/m²,1 m2,A1-A3,The International EPD® System,2024.0,2029.0,https://www.environdec.com/library/epd9822,HIGH,GWP value represents Climate Change - total for A1-A3. Declared unit is 1 m2 of installed board.,False,False,False
EPD-IES-0009823:001,Gyproc® Fire-Resistant & Moisture Resistant Board,Gypsum & Plasterboard,Saint-Gobain India Pvt. Ltd.,Construction products,India,India,7.18,kg CO2eq/m²,1 m2,A1-A3,The International EPD® System,2024.0,2029.0,https://www.environdec.com/library/epd9823,HIGH,GWP value represents Climate Change - total for A1-A3. Declared unit is 1 m2 of installed board.,False,False,False
EPD-IES-0012001:001,Average Black/Bare Steel Pipe,Steel & Metal,Surya Roshni Limited,Construction products,India,India,3070.0,kg CO2eq/tonne,1 tonne,A1-A3,EPD International AB,2023.0,2024.0,https://www.environdec.com/library/epd12001,HIGH,GWP value extracted from Table 14 (Climate Change - total) for A1-A3. The value 3.07E+03 corresponds to 3070 kg CO2 eq per 1 tonne.,False,True,False
EPD-IES-0012002:001,Average Galvanized Steel Pipe,Steel & Metal,Surya Roshni Limited,Construction products,India,India,3250.0,kg CO2eq/tonne,1 tonne,A1-A3,EPD International AB,2023.0,2024.0,https://www.environdec.com/library/epd12002,HIGH,GWP value extracted from Table 14 (Climate Change - total for A1-A3). Value 3.25E+03 converted to 3250.0.,False,True,False
EPD-IES-0012003:001,Average Red oxide/3LPE/Epoxy coated Steel Pipes,Steel & Metal,Surya Roshni Limited,Construction products,India,India,2900.0,kg CO2eq/tonne,1 tonne,A1-A3,EPD International AB,2023.0,2024.0,https://www.environdec.com/library/epd12003,HIGH,"GWP value extracted from Table 14, row 'Climate Change - total' for A1-A3 column (2.90E+03).",False,True,False
EPD-IES-0012004:001,Average Cold Rolled/Pre-Galvanized Steel Pipes,Steel & Metal,Surya Roshni Limited,Construction products,India,India,2580.0,kg CO2eq/tonne,1 tonne,A1-A3,EPD International AB,2023.0,2024.0,https://www.environdec.com/library/epd12004,HIGH,GWP value 2.58E+03 converted to 2580. Declared unit is 1 tonne.,False,True,False
EPD-IES-0012005:001,Cold Rolled Steel Strips,Steel & Metal,Surya Roshni Limited,Construction products,India,India,3500.0,kg CO2eq/tonne,1 tonne,A1-A3,EPD International AB,2023.0,2024.0,https://www.environdec.com/library/epd12005,HIGH,"GWP value extracted from Table 14, row 'Climate Change - total' for A1-A3. Value 3.50E+03 converted to 3500.0.",False,True,False
EPD-IES-0012006:001,Steel Door Frames,Steel & Metal,Surya Roshni Limited,Construction products,India,India,2670.0,kg CO2eq/tonne,1 tonne,A1-A3,EPD International AB,2023.0,2024.0,https://www.environdec.com/library/epd12006,HIGH,GWP value 2.67E+03 converted to 2670.0. Declared unit is 1 tonne.,False,True,False
EPD-IES-0009819:001,"Roofing Underlayment, Building Wrap & Flashing Tape",Plastic & Polymer,Veer Plastics Pvt Ltd,Construction products,India,India,3.51,kg CO2eq/kg,1 kg,A1-A3,EPD International AB,2024.0,2029.0,https://www.environdec.com/library/epd9819,HIGH,This EPD represents the average result of multiple construction products.,False,False,False
EPD-IES-0011894:001,Steelage Magna Class C Safe,Steel & Metal,GUNNEBO INDIA PVT LTD,Construction products,India,India,1520.0,kg CO2eq/unit,1 unit,A1-A3,EPD International AB,2023.0,2028.0,https://www.environdec.com/library/epd11894,HIGH,GWP value 1.52E+03 converted to 1520.0. Declared unit is per safe (unit).,False,False,False
EPD-IES-0009813:001,Stainless Steel Cast & Rolled Products,Steel & Metal,Laxcon Steel Limited,"Metal, mineral, plastic & glass products",India,India,2010.0,kg CO2eq/tonne,1 tonne,A1-A3,EPD International AB,2023.0,2028.0,https://www.environdec.com/library/epd9813,HIGH,GWP value calculated from 2.01E+03 kg CO2-eq per 1 tonne.,False,False,False
EPD-IES-0009817:001,JSP’s Structural Steel (100% Recycled Scrap),Steel & Metal,Jindal Steel & Power,Construction products,India,India,514.0,kg CO2eq/kg,1 metric ton,A1-A3,EPD International AB,2023.0,2028.0,https://www.environdec.com/library/epd9817,HIGH,"The GWP value is derived from the 'GWP-total' indicator in the 'Results per one metric ton of Structural Steel' table, specifically for the A1-A3 column. The value 5.14E+02 has been converted to 514.0. The declared unit is '1 metric ton', and the GWP unit is 'kg CO2 eq./kg' as implied by the table's structure and common EPD reporting conventions for GWP-total.",False,False,False
EPD-IES-0009818:001,JSP’s Steel Plate & Coil (100% Recycled Scrap),Steel & Metal,Jindal Steel & Power,Construction products,India,India,465.0,kg CO2eq/tonne,1 metric ton,A1-A3,EPD International AB,2023.0,2028.0,https://www.environdec.com/library/epd9818,HIGH,GWP-total value used from the results table for A1-A3. 4.65E+02 = 465.0.,False,False,False
EPD-IES-0009814:001,Deskpro,Furniture & Fittings,AFC System Pvt Ltd,Construction products,India,India,173.15,kg CO2eq/unit,1 unit,A1-A3,The International EPD System,2023.0,2028.0,https://www.environdec.com/library/epd9814,HIGH,GWP value taken from 'Global Warming Potential - Total' row for A1-A3. The declared unit is one unit of Deskpro.,False,False,False
EPD-IES-0009803:001,Structural Steel Product,Steel & Metal,Jindal Steel and Power,Construction products,India,India,3670.0,kg CO2eq/tonne,1 tonne,A1-A3,EPD International AB,2023.0,2024.0,https://www.environdec.com/library/epd9803,HIGH,"GWP value is for Climate Change - total, A1-A3 column. Value is 3.67E+03 which is 3670.",False,True,False
EPD-IES-0009805:001,"Reinforcement Steel Bars, Round Bar, Wire Rod & RSC Steel Product",Steel & Metal,Jindal Steel and Power,Construction products,India,India,3450.0,kg CO2eq/tonne,1 tonne,A1-A3,EPD International AB,2022.0,2024.0,https://www.environdec.com/library/epd9805,HIGH,GWP value 3450.0 derived from 3.45E+03 kg CO2 eq. Declared unit is 1 tonne.,False,True,False
EPD-IES-0009213:002,SGG PLANILUX®,Glass,SAINT-GOBAIN INDIA PRIVATE LIMITED,Construction products,India,India,18.7,kg CO2eq/m²,1 m²,A1-A3,The International EPD® System,2023.0,2028.0,https://www.environdec.com/library/epd9213,HIGH,"The GWP value is taken from the 'Environmental impacts' table, under 'Global Warming Potential (GWP)' for the 'PRODUCT STAGE' (A1-A3) column. The value is presented as 1.87E+01 which is interpreted as 18.7.",False,False,False
EPD-IES-0009214:002,SGG PLANILUX® 12 mm,Glass,Saint-Gobain India Pvt. Ltd,Construction products,India,India,38.0,kg CO2eq/m²,1 m2,A1-A3,The International EPD® System,2023.0,2028.0,https://www.environdec.com/library/epd9214,HIGH,GWP value for A1-A3 is 3.80E+01 kg CO2 eq per 1 m2 functional unit.,False,False,False
EPD-IES-0009804:001,Average Semi-Finished Steel Product,Steel & Metal,Jindal Steel and Power,Construction products,India,India,3140.0,kg CO2eq/tonne,1 tonne,A1-A3,EPD International AB,2022.0,2024.0,https://www.environdec.com/library/epd9804,HIGH,GWP value derived from Table 12 (3.14E+03 kg CO2 eq for A1-A3). Declared unit is 1 tonne.,False,True,False
EPD-IES-0009806:001,Average Plate & Coil Steel Product,Steel & Metal,Jindal Steel and Power,Construction products,India,India,3650.0,kg CO2eq/tonne,1 tonne,A1-A3,EPD International AB,2022.0,2024.0,https://www.environdec.com/library/epd9806,HIGH,GWP value 3.65E+03 converted to 3650.0 kg CO2 eq per 1 tonne.,False,True,False
EPD-IES-0006477:001,Galvanized Steel,Steel & Metal,JSW Steel Coated Products Limited (JSWSCPL),Construction products,India,India,3150.0,kg CO2eq/tonne,1 tonne,A1-A3,EPD International AB,2023.0,2028.0,https://www.environdec.com/library/epd6477,HIGH,"GWP value is for Climate Change - total, A1-A3 module. Value is 3.15E+03.",False,False,False
EPD-IES-0006478:001,Galvalume Steel,Steel & Metal,JSW Steel Coated Products Limited (JSWSCPL),Construction products,India,India,3590.0,kg CO2eq/tonne,1 tonne,A1-A3,The International EPD System,2023.0,2028.0,https://www.environdec.com/library/epd6478,HIGH,GWP value 3.59E+03 converted from kg CO2 eq/tonne to 3590.0.,False,False,False
EPD-IES-0006481:001,Pre-painted Galvanized Steel Product,Steel & Metal,JSW Steel Coated Products Limited (JSWSCPL),Construction products,India,India,3420.0,kg CO2eq/tonne,1 tonne,A1-A3,The International EPD System,2023.0,2028.0,https://www.environdec.com/library/epd6481,HIGH,,False,False,False
EPD-IES-0006482:001,Pre-painted Galvalume,Steel & Metal,JSW Steel Coated Products Limited (JSWSCPL),Construction products,India,India,3790.0,kg CO2eq/tonne,1 tonne,A1-A3,EPD International AB,2023.0,2028.0,https://www.environdec.com/library/epd6482,HIGH,GWP value 3.79E+03 converted to 3790.0. Declared unit is 1 tonne.,False,False,False
EPD-IES-0006483:001,Galvanized Steel,Steel & Metal,JSW Steel Coated Products Limited (JSWSCPL),Construction products,India,India,3240.0,kg CO2eq/tonne,1 tonne,A1-A3,EPD International AB,2023.0,2028.0,https://www.environdec.com/library/epd6483,HIGH,The GWP value is for the A1-A3 life cycle stage and is reported in kg CO2 eq. per tonne of Galvanized Steel.,False,False,False
EPD-IES-0006484:001,Galvalume Steel Product,Steel & Metal,JSW Steel Coated Products Limited (JSWSCPL),Construction products,India,India,3690.0,kg CO2eq/tonne,1 tonne,A1-A3,The International EPD System,2023.0,2028.0,https://www.environdec.com/library/epd6484,HIGH,GWP value 3.69E+03 converted from kg CO2 eq/tonne to 3690.0.,False,False,False
EPD-IES-0006485:001,Pre-Painted Galvanized Steel,Steel & Metal,JSW Steel Coated Products Limited (JSWSCPL),Construction products,India,India,3560.0,kg CO2eq/tonne,1 tonne,A1-A3,EPD International AB,2023.0,2028.0,https://www.environdec.com/library/epd6485,HIGH,,False,False,False
EPD-IES-0006486:001,Pre-painted Galvalume,Steel & Metal,JSW Steel Coated Products Limited (JSWSCPL),Construction products,India,India,3950.0,kg CO2eq/tonne,1 tonne,A1-A3,EPD International AB,2023.0,2028.0,https://www.environdec.com/library/epd6486,HIGH,GWP value 3.95E+03 converted to 3950.0 per tonne.,False,False,False
EPD-IES-0006487:001,Galvanized Steel,Steel & Metal,JSW Steel Coated Products Limited (JSWSCPL),Construction products,India,India,5010.0,kg CO2eq/tonne,1 tonne,A1-A3,EPD International AB,2023.0,2028.0,https://www.environdec.com/library/epd6487,HIGH,"The GWP value is for the A1-A3 stage. The declared unit is 1 tonne, but the table shows results per tonne. The GWP value is presented as 5.01E+03 in the table.",False,False,False
EPD-IES-0006488:001,Galvalume Steel,Steel & Metal,JSW Steel Coated Products Limited (JSWSCPL),Construction products,India,India,3970.0,kg CO2eq/tonne,1 tonne,A1-A3,EPD International AB,2023.0,2028.0,https://www.environdec.com/library/epd6488,HIGH,GWP value converted from 3.97E+03 kg CO2 eq per tonne.,False,False,False
EPD-IES-0006489:001,Pre-painted Galvanized Steel Product,Steel & Metal,JSW Steel Coated Products Limited (JSWSCPL),Construction products,India,India,5380.0,kg CO2eq/tonne,1 tonne,A1-A3,,,,https://www.environdec.com/library/epd6489,,,False,False,False
EPD-IES-0006490:001,Pre-painted Galvalume,Steel & Metal,JSW Steel Coated Products Limited (JSWSCPL),Construction products,India,India,4320.0,kg CO2eq/tonne,1 tonne,A1-A3,EPD International AB,2023.0,2028.0,https://www.environdec.com/library/epd6490,HIGH,GWP value extracted from Table 11 for A1-A3 module. 4.32E+03 equals 4320.0.,False,False,False
EPD-IES-0009207:001,Tinplate Product,Steel & Metal,JSW Steel Coated Products Limited (JSWSCPL),Construction products,India,India,3960.0,kg CO2eq/tonne,1 tonne of Tinplate,A1-A3,EPD International AB,2023.0,2028.0,https://www.environdec.com/library/epd9207,HIGH,,False,False,False
EPD-IES-0009226:001,High Pressure Laminates,Plastic & Polymer,CROWN DECOR PRIVATE LIMITED,Construction products,India,India,21.0,kg CO2eq/m²,1 m2,A1-A3,EPD International AB,2023.0,2028.0,https://www.environdec.com/library/epd9226,HIGH,"GWP value is for 6 mm thickness. The EPD covers A1-A3, A5, C1-C4, and D.",False,False,False
EPD-IES-0009807:001,Magnetron coated glass on SGG PLANILUX,Glass,Saint-Gobain India Private Limited,Construction products,India,India,21.1,kg CO2eq/m³,1 m2,A1-A3,The International EPD® System,2023.0,2028.0,https://www.environdec.com/library/epd9807,HIGH,"The GWP value of 21.10 kg CO2 eq/m3 is explicitly stated in the 'LCA interpretation' section, within the 'Global Warming Potential (Climate Change) (GWP)' subsection, presented in a graphical representation and also in text. The value corresponds to the A1-A3 (Product stage) for the functional unit of 1 m2.",False,False,False
EPD-IES-0009808:001,Magnetron coated glass on SGG PLANILUX,Glass,Saint-Gobain India Pvt. Ltd,Construction products,India,India,27.6,kg CO2eq/m²,1 m2,A1-A3,The International EPD System,2023.0,2028.0,https://www.environdec.com/library/epd9808,HIGH,"GWP value represents the sum of Climate Change (fossil, biogenic, and land use change) for A1-A3 as per the provided LCA results table.",False,False,False
EPD-IES-0009809:001,Magnetron coated glass on SGG PLANILUX,Glass,Saint-Gobain India Private Limited,Construction products,India,India,40.3,kg CO2eq/m²,1 m2,A1-A3,The International EPD System,2023.0,2028.0,https://www.environdec.com/library/epd9809,HIGH,GWP value represents Climate Change (total) for A1-A3 modules.,False,False,False
EPD-IES-0009810:001,Magnetron coated glass on SGG PARSOL,Glass,Saint-Gobain India Pvt. Ltd,Construction products,India,India,15.8,kg CO2eq/m²,1 m2,A1-A3,The International EPD System,2023.0,2028.0,https://www.environdec.com/library/epd9810,HIGH,GWP value for A1-A3 is 1.58E+01 kg CO2 eq/m2 as per the Environmental Impacts table.,False,False,False
EPD-IES-0009811:001,Magnetron coated glass on SGG PARSOL,Glass,SAINT-GOBAIN INDIA PRIVATE LIMITED – GLASS BUSINESS,Construction products,India,India,22.7,kg CO2eq/m²,1 m2,A1-A3,The International EPD® System,2023.0,2028.0,https://www.environdec.com/library/epd9811,HIGH,The GWP value is taken from the 'Climate Change [kg CO2 eq.]' row under the 'A1-A3' column in the 'LCA results' section. The value is presented as 2.27E+01 which is equivalent to 22.7.,False,False,False
EPD-IES-0009812:001,Magnetron coated glass on SGG PARSOL 8 mm,Glass,Saint-Gobain India Private Limited,Construction products,India,India,29.6,kg CO2eq/m²,1 m2,A1-A3,The International EPD System,2023.0,2028.0,https://www.environdec.com/library/epd9812,HIGH,GWP value 29.6E+01 is 29.6 kg CO2 eq per 1 m2 based on Table 13 (Climate Change total).,False,False,False
EPD-IES-0006473:002,HPL-Compact Panels,Fibre Cement & Boards,Stylam Industries Limited,Construction products,India,India,7.82,kg CO2eq/m²,1 m2,A1-A3,The International EPD® System,2023.0,2028.0,https://www.environdec.com/library/epd6473,HIGH,The GWP value is for 1 m2 of 6mm HPL-Compact Panel. The GWP-total for other thicknesses are provided as conversion factors in Table 4-13.,False,False,False
EPD-IES-0009225:001,Steel Rebar,Steel & Metal,Raajratna Metal Industries Limited,Construction products,Global,India,2762.88,kg CO2eq/tonne,1 ton of Steel Rebar,A1-A3,The International EPD® System,2023.0,2028.0,https://www.environdec.com/library/epd9225,HIGH,,False,False,False
EPD-IES-0009219:001,High Pressure Laminates,Plastic & Polymer,Stylam Industries Limited,Construction products,Global,India,1.46,kg CO2eq/m²,1 m2,A1-A3,The International EPD® System,2023.0,2028.0,https://www.environdec.com/library/epd9219,HIGH,GWP value is for 1 m2 of 0.7 mm HPL.,False,False,False
EPD-IES-0009222:001,SGG PARSOL®,Glass,SAINT-GOBAIN INDIA PRIVATE LIMITED,Construction products,India,India,13.6,kg CO2eq/m²,1 m2,A1-A3,The International EPD® System,2023.0,2028.0,https://www.environdec.com/library/epd9222,HIGH,GWP value for A1-A3 is 1.36E+01 kg CO2 eq/m2 as per the Environmental Impacts table.,False,False,False
EPD-IES-0009208:001,Average Fencing Products,Steel & Metal,Suyash Global Pvt Ltd,Construction products,India,India,3.2,kg CO2eq/kg,1 kg,A1-A3,The International EPD System,2023.0,2028.0,https://www.environdec.com/library/epd9208,HIGH,GWP value extracted from Table 4.2 for A1-A3.,False,False,False
EPD-IES-0006474:001,Steel Hot Rolled Coil,Steel & Metal,Tata Steel Limited,Construction products,India,India,2859.6,kg CO2eq/tonne,1 tonne,A1-A3,EPD International AB,2023.0,2028.0,https://www.environdec.com/library/epd6474,HIGH,GWP value represents the total cradle to gate impact (A1-A3) as stated in section 4.8 Interpretation.,False,False,False
EPD-IES-0006476:001,Clay Products,Brick & Masonry,Prayag Clay Products Limited,Construction products,Global,India,47.9,kg CO2eq/tonne,1 tonne,A1-A3,The International EPD System,2023.0,2028.0,https://www.environdec.com/library/epd6476,HIGH,The GWP value for A1-A3 is 4.79E+01 (47.9) per 1 tonne of product as reported in Table 4-7.,False,False,False
EPD-IES-0006472:001,Zinc Product,Steel & Metal,Hindustan Zinc Limited,Construction products,India,India,5460.0,kg CO2eq/tonne,1 tonne,A1-A3,The International EPD System,2022.0,2028.0,https://www.environdec.com/library/epd6472,HIGH,"GWP value calculated as sum of A1 (6.88E+02), A2 (1.33E+02), and A3 (4.64E+03) as per Table 11 and confirmed by interpretation in Table 15.",False,False,False
EPD-IES-0006471:001,Ready-Mix Concrete (M-30),Concrete & Cement,JSW Green Cement Private Limited,Construction products,India,India,245.0,kg CO2eq/m³,1 m3,A1-A3,The International EPD System,2022.0,2027.0,https://www.environdec.com/library/epd6471,HIGH,"GWP value represents M-30 grade concrete, which is the highest volume contributor (55.16%) in the EPD. Values for other grades are available in the document.",False,False,False
EPD-IES-0005020:001,Steel Structural Hollow Sections,Steel & Metal,Tata Steel Limited,Construction products,India,India,3058.3,kg CO2eq/tonne,1 tonne,A1-A3,EPD International AB,2022.0,2027.0,https://www.environdec.com/library/epd5020,HIGH,"GWP value calculated as sum of A1 (3000), A2 (32.6), and A3 (25.7) for 1 tonne.",False,False,False
EPD-IES-0005019:001,"Ordinary Portland Cement (OPC), Pozzolana Portland Cement (PPC), Portland Slag Cement (PSC) and Portland Composite Cement (PCC)",Concrete & Cement,UltraTech Cement Ltd.,Construction products,Global,India,996.0,kg CO2eq/tonne,1000 kg,A1-A3,EPD International AB,2022.0,2027.0,https://www.environdec.com/library/epd5019,HIGH,"The GWP values are presented for four different types of cement: OPC, PPC, PSC, and PCC. The values provided are for the A1-A3 life cycle stages and are based on a declared unit of 1000 kg. The GWP - total for OPC is 9.96E+02, for PPC is 7.10E+02, for PSC is 4.87E+02, and for PCC is 5.41E+02. The unit for GWP is kg CO2 eq. per 1000 kg.",False,False,False
EPD-IES-0006083:001,Vnext- Fiber Cement Boards,Concrete & Cement,Visaka Industries Limited,Construction products,India,India,4.13,kg CO2eq/m²,1 m2,A1-A3,EPD International,2022.0,2027.0,https://www.environdec.com/library/epd6083,HIGH,GWP value is based on 4mm thickness board manufactured at the Miryalaguda (MLG) plant. Values vary by thickness and manufacturing location.,False,False,False
EPD-IES-0006084:001,Vnext Panels,Concrete & Cement,Visaka Industries Limited,Construction products,India,India,14.82,kg CO2eq/m²,1 m2,A1-A3,EPD International,2022.0,2027.0,https://www.environdec.com/library/epd6084,HIGH,Value represents 50mm thickness panel manufactured at MLG plant. Multiple GWP values exist for different thicknesses (50mm/75mm) and plants (MLG/JJR).,False,False,False
EPD-IES-0005018:001,Steel Rebar,Steel & Metal,Tata Steel Limited,Construction products,India,India,2727.0,kg CO2eq/tonne,1 tonne,A1-A3,EPD International AB,2022.0,2027.0,https://www.environdec.com/library/epd5018,HIGH,"GWP value calculated as sum of A1 (2520) + A2 (2.16) + A3 (205) = 2727.16, rounded to 2727.0. Declared unit is 1 tonne.",False,False,False
EPD-IES-0002112:001,COLORBOND® steel & ZINCALUME® steel,Steel & Metal,Tata BlueScope Steel Pvt. Ltd.,Construction products,India,India,,,,,,,,https://www.environdec.com/library/epd2112,,,False,False,False
EPD-IES-0006462:001,Gyproc® Duraline 13mm,Gypsum & Plasterboard,Saint-Gobain India Pvt. Ltd,Construction products,India,India,6.03,kg CO2eq/m²,1 m2,A1-A3,The International EPD System,2022.0,2027.0,https://www.environdec.com/library/epd6462,HIGH,"The declared unit is 1m2 of installed plasterboard with a weight of 12 kg/m2 and an expected average service life of 50 years. The GWP value is taken from the 'Climate Change' row under the 'Product stage, A1-A3' column.",False,False,False
EPD-IES-0006463:001,Gyproc® Fireline 15mm,Gypsum & Plasterboard,Saint-Gobain India Pvt. Ltd,Construction products,India,India,6.0,kg CO2eq/m²,1 m2,A1-A3,The International EPD® System,2022.0,2027.0,https://www.environdec.com/library/epd6463,HIGH,"GWP value represents Climate Change (total) for A1-A3. Value 6,00E+00 converted to 6.0.",False,False,False
EPD-IES-0006085:001,Gyproc® Fireline 12.5mm,Gypsum & Plasterboard,Saint-Gobain India Pvt. Ltd,Construction products,India,India,4.96,kg CO2eq/m²,1 m2,A1-A3,The International EPD System,2022.0,2027.0,https://www.environdec.com/library/epd6085,HIGH,GWP value for A1-A3 is 4.96E+00 kg CO2 eq. per functional unit of 1 m2.,False,False,False
EPD-IES-0006086:001,Gyproc® Glasroc H 12.5mm,Brick & Masonry,Saint-Gobain India Pvt. Ltd,Construction products,India,India,5.73,kg CO2eq/unit,1 m2,A1-A3,The International EPD® System,2022.0,2027.0,https://www.environdec.com/library/epd6086,HIGH,"The GWP value is taken from the 'Climate Change [kg CO2 eq.]' row under the 'A1/A2/A3' column in the 'Environmental Impacts' table. The declared unit is '1m2 of installed plasterboard 12,5 mm with a weight of 10.6 kg/m² and an expected average service life of 50 years'.",False,False,False
EPD-IES-0006087:001,Gyproc® Habito 12.5mm,Gypsum & Plasterboard,Saint-Gobain India Pvt. Ltd,Construction products,India,India,8.02,kg CO2eq/m²,1 m2,A1-A3,The International EPD System,2022.0,2027.0,https://www.environdec.com/library/epd6087,HIGH,GWP value represents A1-A3 stage for 1 m2 of installed plasterboard.,False,False,False
EPD-IES-0005016:001,Silent Box,Acoustic & Insulation,Kubik India Pvt Limited,Construction products,Global,India,1690.0,kg CO2eq/piece,1 piece of Double Glazed Silent Box Product with L x W x H : 1.2 m x 1.2 m x 2.1 m,A1-A3,EPD International AB,2022.0,2027.0,https://www.environdec.com/library/epd5016,HIGH,,False,False,False
EPD-IES-0005017:001,Average of Finished Flat Products (Steel),Steel & Metal,JSW Steel Limited,Construction products,India,India,,,,,,,,https://www.environdec.com/library/epd5017,,,False,False,False
EPD-IES-0004379:001,Room Door Systems,Aluminium,KUBIK INDIA PVT LTD,Construction products,Global,India,519.0,kg CO2eq/piece,1 piece,A1-A3,The International EPD® System,2021.0,2026.0,https://www.environdec.com/library/epd4379,HIGH,"GWP value represents Model 1 (Acosoft 40). Other models have varying GWP values (Model 2: 386, Model 3: 476, Model 4: 461, Model 5: 608, Model 6: 627, Model 7: 574).",False,False,False
EPD-IES-0004636:001,Office Partition Systems,Aluminium,Kubik India Pvt Limited,Construction products,Global,India,324.0,kg CO2eq/piece,1 piece of Partition system measuring 3.0 m x 2.7 m,A1-A3,The International EPD System,2021.0,2026.0,https://www.environdec.com/library/epd4636,HIGH,GWP value extracted from Table 10 for Model 1 (Acosoft 40). The declared unit is 1 piece of partition system.,False,False,False
EPD-IES-0004326:001,Average of Finished Long Products (Steel),Steel & Metal,JSW Steel Limited,Construction products,India,India,2420.0,kg CO2eq/tonne,1000 kg,A1-A3,The International EPD® System,2021.0,2026.0,https://www.environdec.com/library/epd4326,HIGH,GWP value represents the TMT Bar product from the Vijayanagar plant as the primary example provided in the results table. Other products have varying GWP values.,False,False,False
EPD-IES-0002109:001,Entropy Workstation,Furniture & Fittings,Talin Modular Office Furniture Systems Pvt. Ltd,Furniture & other goods,India,India,228.0,kg CO2eq/piece,1 piece,A1-A3,EPD International AB,2021.0,2026.0,https://www.environdec.com/library/epd2109,HIGH,"GWP value is for Entropy Workstation Model 1, representing the sum of 'Upstream' (A1-A2) and 'Core' (A3) life cycle stages.",False,False,False
EPD-IES-0002110:001,FLEXIvate Workstation,Furniture & Fittings,Talin Modular Office Furniture Systems Pvt. Ltd.,Furniture & other goods,India,India,,,,,,,,https://www.environdec.com/library/epd2110,,,False,False,False
EPD-IES-0000538:002,Gypboard® Plain,Gypsum & Plasterboard,Saint-Gobain India Pvt Ltd - Gyproc Business,Construction products,India,India,3.9,kg CO2eq/m²,1 m2,A1-A3,The International EPD® System,2020.0,2025.0,https://www.environdec.com/library/epd538,HIGH,"GWP value is for the A1-A3 stages. The declared unit is 1 m² of Gypboard Plain plasterboard of 12,5mm thickness.",False,True,False
EPD-IES-0001418:001,Berger External Thermal Insulation & Composite Systems (ETICS),Acoustic & Insulation,Berger Paints India Limited,Construction products,India,India,,,,,,,,https://www.environdec.com/library/epd1418,,,False,False,False
EPD-IES-0001419:001,Berger Bison Acrylic Emulsion,Paint & Coating,Berger Paints India Limited,Construction products,India,India,0.706,kg CO2eq/kg,1 litre paint,A1-A3,EPD International AB,2020.0,2025.0,https://www.environdec.com/library/epd1419,HIGH,,False,True,False
EPD-IES-0002108:001,Berger Butterfly GP Synthetic Enamel,Paint & Coating,Berger Paints India Limited,Construction products,India,India,1.72,kg CO2eq/kg,1 litre,A1-A3,EPD International AB,2020.0,2025.0,https://www.environdec.com/library/epd2108,HIGH,,False,True,False
